Workbook
Name Base_de_datos_gráficos: 'Carga HH'!$A$4:$U$1048576
Name GRAFICAR_CCD: #REF!
Name GRAFICAR_JP: #REF!
Name GRAFICAR_PyC: 'Carga HH'!$A$4:$U$1048576

Sheet Instructivo
A1: INSTRUCTIVO
A2: 1. La hoja "Registro" es para anotar tareas actuales (vigentes) y terminadas de los empleados, en dicha hoja se deberán anotar los datos de las tareas como la fecha de inicio, plazo, tiempo estimado y estado, además de la persona encargada.
A3: 2. La hoja "Carga de HH" no se debe mover, aquí se distribuyen las horas de cada activdidad asignada a cada empleado según la fecha de incio, plazo y tiempo estimado de la activadad, con un horizonte máximo de 3 meses (12 semanas)
A4: 3. Por último, la hoja "Gráficos HH" es para visualizar de forma más fácil la distribución actual de la carga de trabajo, es por esto que se hicieron diversos gráficos, los cuales van acompañados de su respectiva tabla en caso de querer ver más en detalle los valores. NOTA: Los gráficos no se actualizan solos, se debe ir a la pestaña "Datos" y hacer click en "Actualizar todos"

Sheet Registro
A1: Emplado | B1: Tarea/Actividad | C1: Fecha de inicio | D1: Plazo (fecha) | E1: Tiempo necesario estimado (Horas) | F1: Status tarea
A2: Daniela Rojas | B2: Reclutamiento y selección | C2: 45841 | D2: 45847 | E2: 6 | F2: Vigente | Q2: Actividad | R2: Tiempo estimado (horas)
A3: Vicente Castro | B3: Inducción y bienvenida | C3: 45841 | D3: 45848 | E3: 2.5 | F3: Vigente | Q3: Reclutamiento y selección | R3: 6
A4: Fernanda Morales | B4: Administración de personal | C4: 45841 | D4: 45848 | E4: 3 | F4: Vigente | Q4: Inducción y bienvenida | R4: 2.5
A5: Matías Herrera | B5: Gestión de remuneraciones y beneficios | C5: 45841 | D5: 45856 | E5: 9 | F5: Vigente | Q5: Administración de personal | R5: 3
A6: Camila González | B6: Capacitación y desarrollo | C6: 45841 | D6: 45856 | E6: 3 | F6: Terminado | Q6: Gestión de remuneraciones y beneficios | R6: 9
A7: Felipe Ramírez | B7: Evaluación del desempeño | C7: 45841 | D7: 45849 | E7: 10 | F7: Vigente | Q7: Capacitación y desarrollo | R7: 3
A8: Javiera Soto | B8: Gestión del clima laboral | C8: 45841 | D8: 45849 | E8: 3.5 | F8: Vigente | Q8: Evaluación del desempeño | R8: 10
A9: Daniela Rojas | B9: Gestión de conflictos y relaciones laborales | C9: 45841 | D9: 45852 | E9: 4 | F9: Vigente | Q9: Gestión del clima laboral | R9: 3.5
A10: Vicente Castro | B10: Gestión de salud y seguridad ocupacional | C10: 45841 | D10: 45852 | E10: 2.5 | F10: Vigente | Q10: Gestión de conflictos y relaciones laborales | R10: 4
A11: Fernanda Morales | B11: Cumplimiento legal y normativo | C11: 45841 | D11: 45847 | E11: 3 | F11: Vigente | Q11: Gestión de salud y seguridad ocupacional | R11: 2.5
A12: Camila González | B12: Reclutamiento y selección | C12: 45841 | D12: 45848 | E12: 6 | F12: Vigente | Q12: Cumplimiento legal y normativo | R12: 3
A13: Felipe Ramírez | B13: Inducción y bienvenida | C13: 45841 | D13: 45848 | E13: 2.5 | F13: Vigente | Q13: Comunicación interna | R13: 1.5
A14: Javiera Soto | B14: Administración de personal | C14: 45841 | D14: 45849 | E14: 3 | F14: Vigente | Q14: Monitoreo y gestión de carga laboral | R14: 2.5
A15: Daniela Rojas | B15: Gestión de remuneraciones y beneficios | C15: 45841 | D15: 45849 | E15: 9 | F15: Vigente
A16: Vicente Castro | B16: Capacitación y desarrollo | C16: 45841 | D16: 45849 | E16: 3 | F16: Vigente
A17: Fernanda Morales | B17: Evaluación del desempeño | C17: 45841 | D17: 45852 | E17: 10 | F17: Vigente
A18: Daniela Rojas | B18: Reclutamiento y selección | C18: =C2+14 -> 45855 | D18: =D2+14 -> 45861 | E18: 6 | F18: Vigente
A19: Vicente Castro | B19: Inducción y bienvenida | C19: =C3+14 -> 45855 | D19: =D3+14 -> 45862 | E19: 2.5 | F19: Vigente
A20: Fernanda Morales | B20: Administración de personal | C20: =C4+14 -> 45855 | D20: =D4+14 -> 45862 | E20: 3 | F20: Vigente
A21: Matías Herrera | B21: Gestión de remuneraciones y beneficios | C21: =C5+14 -> 45855 | D21: =D5+14 -> 45870 | E21: 9 | F21: Vigente
A22: Camila González | B22: Capacitación y desarrollo | C22: =C6+14 -> 45855 | D22: =D6+14 -> 45870 | E22: 3 | F22: Vigente
A23: Felipe Ramírez | B23: Evaluación del desempeño | C23: =C7+14 -> 45855 | D23: =D7+14 -> 45863 | E23: 10 | F23: Vigente
A24: Javiera Soto | B24: Gestión del clima laboral | C24: =C8+14 -> 45855 | D24: =D8+14 -> 45863 | E24: 3.5 | F24: Vigente
A25: Daniela Rojas | B25: Gestión de conflictos y relaciones laborales | C25: =C9+14 -> 45855 | D25: =D9+14 -> 45866 | E25: 4 | F25: Vigente
A26: Vicente Castro | B26: Gestión de salud y seguridad ocupacional | C26: =C10+14 -> 45855 | D26: =D10+14 -> 45866 | E26: 2.5 | F26: Vigente
A27: Fernanda Morales | B27: Cumplimiento legal y normativo | C27: =C11+14 -> 45855 | D27: =D11+14 -> 45861 | E27: 3 | F27: Vigente
A28: Camila González | B28: Reclutamiento y selección | C28: =C12+14 -> 45855 | D28: =D12+14 -> 45862 | E28: 6 | F28: Vigente
A29: Felipe Ramírez | B29: Inducción y bienvenida | C29: =C13+14 -> 45855 | D29: =D13+14 -> 45862 | E29: 2.5 | F29: Vigente
... A33: Fernanda Morales | B33: Evaluación del desempeño | C33: =C17+14 -> 45855 | D33: =D17+14 -> 45866 | E33: 10 | F33: Vigente
A34: Daniela Rojas | B34: Gestión de remuneraciones y beneficios | C34: =C2+7 -> 45848 | D34: =C34+7 -> 45855 | E34: =VLOOKUP(B34,$Q$2:$R$14,2,FALSE) -> 9 | F34: Vigente
A35: Vicente Castro | B35: Administración de personal | C35: =C3+7 -> 45848 | D35: =C35+7 -> 45855 | E35: =VLOOKUP(B35,$Q$2:$R$14,2,FALSE) -> 3 | F35: Vigente
A36: Fernanda Morales | B36: Inducción y bienvenida | C36: =C4+7 -> 45848 | D36: =C36+7 -> 45855 | E36: =VLOOKUP(B36,$Q$2:$R$14,2,FALSE) -> 2.5 | F36: Vigente
A37: Matías Herrera | B37: Reclutamiento y selección | C37: =C5+7 -> 45848 | D37: =C37+7 -> 45855 | E37: =VLOOKUP(B37,$Q$2:$R$14,2,FALSE) -> 6 | F37: Vigente
A38: Camila González | B38: Cumplimiento legal y normativo | C38: =C6+7 -> 45848 | D38: =C38+7 -> 45855 | E38: =VLOOKUP(B38,$Q$2:$R$14,2,FALSE) -> 3 | F38: Vigente
A39: Felipe Ramírez | B39: Gestión de conflictos y relaciones laborales | C39: =C7+7 -> 45848 | D39: =C39+7 -> 45855 | E39: =VLOOKUP(B39,$Q$2:$R$14,2,FALSE) -> 4 | F39: Vigente
A40: Javiera Soto | B40: Capacitación y desarrollo | C40: =C8+7 -> 45848 | D40: =C40+7 -> 45855 | E40: =VLOOKUP(B40,$Q$2:$R$14,2,FALSE) -> 3 | F40: Vigente
A41: Daniela Rojas | B41: Gestión del clima laboral | C41: =C9+7 -> 45848 | D41: =C41+7 -> 45855 | E41: =VLOOKUP(B41,$Q$2:$R$14,2,FALSE) -> 3.5 | F41: Vigente
A42: Vicente Castro | B42: Inducción y bienvenida | C42: =C10+7 -> 45848 | D42: =C42+7 -> 45855 | E42: =VLOOKUP(B42,$Q$2:$R$14,2,FALSE) -> 2.5 | F42: Vigente
A43: Fernanda Morales | B43: Administración de personal | C43: =C11+7 -> 45848 | D43: =C43+7 -> 45855 | E43: =VLOOKUP(B43,$Q$2:$R$14,2,FALSE) -> 3 | F43: Vigente
A44: Camila González | B44: Gestión de salud y seguridad ocupacional | C44: =C12+7 -> 45848 | D44: =C44+7 -> 45855 | E44: =VLOOKUP(B44,$Q$2:$R$14,2,FALSE) -> 2.5 | F44: Vigente
A45: Felipe Ramírez | B45: Reclutamiento y selección | C45: =C13+7 -> 45848 | D45: =C45+7 -> 45855 | E45: =VLOOKUP(B45,$Q$2:$R$14,2,FALSE) -> 6 | F45: Vigente
... A59: Javiera Soto | B59: Inducción y bienvenida | C59: =C27+7 -> 45862 | D59: =C59+7 -> 45869 | E59: =VLOOKUP(B59,$Q$2:$R$14,2,FALSE) -> 2.5 | F59: Vigente
A60: Daniela Rojas | B60: Reclutamiento y selección | C60: =C2+7 -> 45848 | D60: =C60+7 -> 45855 | E60: =VLOOKUP(B60,$Q$2:$R$14,2,FALSE) -> 6 | F60: Vigente
A61: Vicente Castro | B61: Capacitación y desarrollo | C61: =C3+7 -> 45848 | D61: =C61+7 -> 45855 | E61: =VLOOKUP(B61,$Q$2:$R$14,2,FALSE) -> 3 | F61: Vigente
A62: Fernanda Morales | B62: Reclutamiento y selección | C62: =C4+7 -> 45848 | D62: =C62+7 -> 45855 | E62: =VLOOKUP(B62,$Q$2:$R$14,2,FALSE) -> 6 | F62: Vigente
A63: Matías Herrera | B63: Cumplimiento legal y normativo | C63: =C5+7 -> 45848 | D63: =C63+7 -> 45855 | E63: =VLOOKUP(B63,$Q$2:$R$14,2,FALSE) -> 3 | F63: Vigente
A64: Camila González | B64: Administración de personal | C64: =C6+7 -> 45848 | D64: =C64+7 -> 45855 | E64: =VLOOKUP(B64,$Q$2:$R$14,2,FALSE) -> 3 | F64: Vigente
A65: Felipe Ramírez | B65: Gestión de conflictos y relaciones laborales | C65: =C7+7 -> 45848 | D65: =C65+7 -> 45855 | E65: =VLOOKUP(B65,$Q$2:$R$14,2,FALSE) -> 4 | F65: Vigente
A66: Javiera Soto | B66: Gestión del clima laboral | C66: =C8+7 -> 45848 | D66: =C66+7 -> 45855 | E66: =VLOOKUP(B66,$Q$2:$R$14,2,FALSE) -> 3.5 | F66: Vigente
A67: Daniela Rojas | B67: Administración de personal | C67: =C9+7 -> 45848 | D67: =C67+7 -> 45855 | E67: =VLOOKUP(B67,$Q$2:$R$14,2,FALSE) -> 3 | F67: Vigente
A68: Vicente Castro | B68: Inducción y bienvenida | C68: =C10+7 -> 45848 | D68: =C68+7 -> 45855 | E68: =VLOOKUP(B68,$Q$2:$R$14,2,FALSE) -> 2.5 | F68: Vigente
A69: Fernanda Morales | B69: Inducción y bienvenida | C69: =C11+7 -> 45848 | D69: =C69+7 -> 45855 | E69: =VLOOKUP(B69,$Q$2:$R$14,2,FALSE) -> 2.5 | F69: Vigente
A70: Camila González | B70: Gestión de remuneraciones y beneficios | C70: =C12+7 -> 45848 | D70: =C70+7 -> 45855 | E70: =VLOOKUP(B70,$Q$2:$R$14,2,FALSE) -> 9 | F70: Vigente
A71: Felipe Ramírez | B71: Evaluación del desempeño | C71: =C13+7 -> 45848 | D71: =C71+7 -> 45855 | E71: =VLOOKUP(B71,$Q$2:$R$14,2,FALSE) -> 10 | F71: Vigente
... A85: Javiera Soto | B85: Gestión de conflictos y relaciones laborales | C85: =C27+7 -> 45862 | D85: =C85+7 -> 45869 | E85: =VLOOKUP(B85,$Q$2:$R$14,2,FALSE) -> 4 | F85: Vigente
A86: Daniela Rojas | B86: Selección | C86: 45863 | D86: 45870 | E86: 10 | F86: Vigente

Sheet BD
A1: Emplado | B1: Tarea/Actividad | C1: Fecha de inicio | D1: Plazo (fecha) | E1: Tiempo necesario estimado (Horas) | F1: Tiempo restante | G1: Días restantes | H1: Semanas restantes | I1: HH por día | J1: NUM SEM | K1: HH | L1: SEMANA2 | M1: LUNES a DOMINGO | O1: SEMANA | P1: LUNES
A2: Camila González | B2: Reclutamiento y selección | C2: 45841 | D2: 45848 | E2: 6 | F2: 3 | G2: 5 | H2: 1 | I2: 1 | J2: S-1 | K2: 0 | L2: =IFERROR(VLOOKUP(J2,$O$2:$P$13,2),"") -> 46167 | M2: =IFERROR(TEXT(L2,"dd/mm/yyyy")& " a " & (TEXT(L2+6,"dd/mm/yyyy")),"") -> 25/05/yyyy a 31/05/yyyy | O2: S-1 | P2: ='Carga HH'!J3 -> 46167
A3: Camila González | B3: Reclutamiento y selección | C3: 45841 | D3: 45848 | E3: 6 | F3: 3 | G3: 5 | H3: 1 | I3: 1 | J3: S-2 | K3: 4 | L3: =IFERROR(VLOOKUP(J3,$O$2:$P$13,2),"") -> 46174 | M3: =IFERROR(TEXT(L3,"dd/mm/yyyy")& " a " & (TEXT(L3+6,"dd/mm/yyyy")),"") -> 01/06/yyyy a 07/06/yyyy | O3: S-2 | P3: ='Carga HH'!K3 -> 46174
A4: Camila González | B4: Reclutamiento y selección | C4: 45841 | D4: 45848 | E4: 6 | F4: 3 | G4: 5 | H4: 1 | I4: 1 | J4: S-3 | K4: 0 | L4: =IFERROR(VLOOKUP(J4,$O$2:$P$13,2),"") -> 46181 | M4: =IFERROR(TEXT(L4,"dd/mm/yyyy")& " a " & (TEXT(L4+6,"dd/mm/yyyy")),"") -> 08/06/yyyy a 14/06/yyyy | O4: S-3 | P4: ='Carga HH'!L3 -> 46181
A5: Camila González | B5: Reclutamiento y selección | C5: 45841 | D5: 45848 | E5: 6 | F5: 3 | G5: 5 | H5: 1 | I5: 1 | J5: S-4 | K5: 0 | L5: =IFERROR(VLOOKUP(J5,$O$2:$P$13,2),"") -> 46188 | M5: =IFERROR(TEXT(L5,"dd/mm/yyyy")& " a " & (TEXT(L5+6,"dd/mm/yyyy")),"") -> 15/06/yyyy a 21/06/yyyy | O5: S-4 | P5: ='Carga HH'!M3 -> 46188
A6: Camila González | B6: Reclutamiento y selección | C6: 45841 | D6: 45848 | E6: 6 | F6: 3 | G6: 5 | H6: 1 | I6: 1 | J6: S-5 | K6: 0 | L6: =IFERROR(VLOOKUP(J6,$O$2:$P$13,2),"") -> 46195 | M6: =IFERROR(TEXT(L6,"dd/mm/yyyy")& " a " & (TEXT(L6+6,"dd/mm/yyyy")),"") -> 22/06/yyyy a 28/06/yyyy | O6: S-5 | P6: ='Carga HH'!N3 -> 46195
A7: Camila González | B7: Reclutamiento y selección | C7: 45841 | D7: 45848 | E7: 6 | F7: 3 | G7: 5 | H7: 1 | I7: 1 | J7: S-6 | K7: 0 | L7: =IFERROR(VLOOKUP(J7,$O$2:$P$13,2),"") -> 46202 | M7: =IFERROR(TEXT(L7,"dd/mm/yyyy")& " a " & (TEXT(L7+6,"dd/mm/yyyy")),"") -> 29/06/yyyy a 05/07/yyyy | O7: S-6 | P7: ='Carga HH'!O3 -> 46202
A8: Camila González | B8: Reclutamiento y selección | C8: 45841 | D8: 45848 | E8: 6 | F8: 3 | G8: 5 | H8: 1 | I8: 1 | J8: S-7 | K8: 0 | L8: =IFERROR(VLOOKUP(J8,$O$2:$P$13,2),"") -> 46209 | M8: =IFERROR(TEXT(L8,"dd/mm/yyyy")& " a " & (TEXT(L8+6,"dd/mm/yyyy")),"") -> 06/07/yyyy a 12/07/yyyy | O8: S-7 | P8: ='Carga HH'!P3 -> 46209
A9: Camila González | B9: Reclutamiento y selección | C9: 45841 | D9: 45848 | E9: 6 | F9: 3 | G9: 5 | H9: 1 | I9: 1 | J9: S-8 | K9: 0 | L9: =IFERROR(VLOOKUP(J9,$O$2:$P$13,2),"") -> 46216 | M9: =IFERROR(TEXT(L9,"dd/mm/yyyy")& " a " & (TEXT(L9+6,"dd/mm/yyyy")),"") -> 13/07/yyyy a 19/07/yyyy | O9: S-8 | P9: ='Carga HH'!Q3 -> 46216
A10: Camila González | B10: Reclutamiento y selección | C10: 45841 | D10: 45848 | E10: 6 | F10: 3 | G10: 5 | H10: 1 | I10: 1 | J10: S-9 | K10: 0 | L10: =IFERROR(VLOOKUP(J10,$O$2:$P$13,2),"") -> 46223 | M10: =IFERROR(TEXT(L10,"dd/mm/yyyy")& " a " & (TEXT(L10+6,"dd/mm/yyyy")),"") -> 20/07/yyyy a 26/07/yyyy | O10: S-9 | P10: ='Carga HH'!R3 -> 46223
A11: Camila González | B11: Reclutamiento y selección | C11: 45841 | D11: 45848 | E11: 6 | F11: 3 | G11: 5 | H11: 1 | I11: 1 | J11: S-10 | K11: 0 | L11: =IFERROR(VLOOKUP(J11,$O$2:$P$13,2),"") -> 46167 | M11: =IFERROR(TEXT(L11,"dd/mm/yyyy")& " a " & (TEXT(L11+6,"dd/mm/yyyy")),"") -> 25/05/yyyy a 31/05/yyyy | O11: S-10 | P11: ='Carga HH'!S3 -> 46230
A12: Camila González | B12: Reclutamiento y selección | C12: 45841 | D12: 45848 | E12: 6 | F12: 3 | G12: 5 | H12: 1 | I12: 1 | J12: S-11 | K12: 0 | L12: =IFERROR(VLOOKUP(J12,$O$2:$P$13,2),"") -> 46167 | M12: =IFERROR(TEXT(L12,"dd/mm/yyyy")& " a " & (TEXT(L12+6,"dd/mm/yyyy")),"") -> 25/05/yyyy a 31/05/yyyy | O12: S-11 | P12: ='Carga HH'!T3 -> 46237
A13: Camila González | B13: Reclutamiento y selección | C13: 45841 | D13: 45848 | E13: 6 | F13: 3 | G13: 5 | H13: 1 | I13: 1 | J13: S-12 | K13: 0 | L13: =IFERROR(VLOOKUP(J13,$O$2:$P$13,2),"") -> 46167 | M13: =IFERROR(TEXT(L13,"dd/mm/yyyy")& " a " & (TEXT(L13+6,"dd/mm/yyyy")),"") -> 25/05/yyyy a 31/05/yyyy | O13: S-12 | P13: ='Carga HH'!U3 -> 46244
A14: Camila González | B14: Capacitación y desarrollo | C14: 45855 | D14: 45870 | E14: 3 | F14: 3 | G14: 21 | H14: 4.2 | I14: 0.25 | J14: S-1 | K14: 0 | L14: =IFERROR(VLOOKUP(J14,$O$2:$P$13,2),"") -> 46167 | M14: =IFERROR(TEXT(L14,"dd/mm/yyyy")& " a " & (TEXT(L14+6,"dd/mm/yyyy")),"") -> 25/05/yyyy a 31/05/yyyy
A15: Camila González | B15: Capacitación y desarrollo | C15: 45855 | D15: 45870 | E15: 3 | F15: 3 | G15: 21 | H15: 4.2 | I15: 0.25 | J15: S-2 | K15: 0 | L15: =IFERROR(VLOOKUP(J15,$O$2:$P$13,2),"") -> 46174 | M15: =IFERROR(TEXT(L15,"dd/mm/yyyy")& " a " & (TEXT(L15+6,"dd/mm/yyyy")),"") -> 01/06/yyyy a 07/06/yyyy
A16: Camila González | B16: Capacitación y desarrollo | C16: 45855 | D16: 45870 | E16: 3 | F16: 3 | G16: 21 | H16: 4.2 | I16: 0.25 | J16: S-3 | K16: 0.5 | L16: =IFERROR(VLOOKUP(J16,$O$2:$P$13,2),"") -> 46181 | M16: =IFERROR(TEXT(L16,"dd/mm/yyyy")& " a " & (TEXT(L16+6,"dd/mm/yyyy")),"") -> 08/06/yyyy a 14/06/yyyy
A17: Camila González | B17: Capacitación y desarrollo | C17: 45855 | D17: 45870 | E17: 3 | F17: 3 | G17: 21 | H17: 4.2 | I17: 0.25 | J17: S-4 | K17: 1.25 | L17: =IFERROR(VLOOKUP(J17,$O$2:$P$13,2),"") -> 46188 | M17: =IFERROR(TEXT(L17,"dd/mm/yyyy")& " a " & (TEXT(L17+6,"dd/mm/yyyy")),"") -> 15/06/yyyy a 21/06/yyyy
A18: Camila González | B18: Capacitación y desarrollo | C18: 45855 | D18: 45870 | E18: 3 | F18: 3 | G18: 21 | H18: 4.2 | I18: 0.25 | J18: S-5 | K18: 1.25 | L18: =IFERROR(VLOOKUP(J18,$O$2:$P$13,2),"") -> 46195 | M18: =IFERROR(TEXT(L18,"dd/mm/yyyy")& " a " & (TEXT(L18+6,"dd/mm/yyyy")),"") -> 22/06/yyyy a 28/06/yyyy
A19: Camila González | B19: Capacitación y desarrollo | C19: 45855 | D19: 45870 | E19: 3 | F19: 3 | G19: 21 | H19: 4.2 | I19: 0.25 | J19: S-6 | K19: 0 | L19: =IFERROR(VLOOKUP(J19,$O$2:$P$13,2),"") -> 46202 | M19: =IFERROR(TEXT(L19,"dd/mm/yyyy")& " a " & (TEXT(L19+6,"dd/mm/yyyy")),"") -> 29/06/yyyy a 05/07/yyyy
A20: Camila González | B20: Capacitación y desarrollo | C20: 45855 | D20: 45870 | E20: 3 | F20: 3 | G20: 21 | H20: 4.2 | I20: 0.25 | J20: S-7 | K20: 0 | L20: =IFERROR(VLOOKUP(J20,$O$2:$P$13,2),"") -> 46209 | M20: =IFERROR(TEXT(L20,"dd/mm/yyyy")& " a " & (TEXT(L20+6,"dd/mm/yyyy")),"") -> 06/07/yyyy a 12/07/yyyy
A21: Camila González | B21: Capacitación y desarrollo | C21: 45855 | D21: 45870 | E21: 3 | F21: 3 | G21: 21 | H21: 4.2 | I21: 0.25 | J21: S-8 | K21: 0 | L21: =IFERROR(VLOOKUP(J21,$O$2:$P$13,2),"") -> 46216 | M21: =IFERROR(TEXT(L21,"dd/mm/yyyy")& " a " & (TEXT(L21+6,"dd/mm/yyyy")),"") -> 13/07/yyyy a 19/07/yyyy
A22: Camila González | B22: Capacitación y desarrollo | C22: 45855 | D22: 45870 | E22: 3 | F22: 3 | G22: 21 | H22: 4.2 | I22: 0.25 | J22: S-9 | K22: 0 | L22: =IFERROR(VLOOKUP(J22,$O$2:$P$13,2),"") -> 46223 | M22: =IFERROR(TEXT(L22,"dd/mm/yyyy")& " a " & (TEXT(L22+6,"dd/mm/yyyy")),"") -> 20/07/yyyy a 26/07/yyyy
A23: Camila González | B23: Capacitación y desarrollo | C23: 45855 | D23: 45870 | E23: 3 | F23: 3 | G23: 21 | H23: 4.2 | I23: 0.25 | J23: S-10 | K23: 0 | L23: =IFERROR(VLOOKUP(J23,$O$2:$P$13,2),"") -> 46167 | M23: =IFERROR(TEXT(L23,"dd/mm/yyyy")& " a " & (TEXT(L23+6,"dd/mm/yyyy")),"") -> 25/05/yyyy a 31/05/yyyy
A24: Camila González | B24: Capacitación y desarrollo | C24: 45855 | D24: 45870 | E24: 3 | F24: 3 | G24: 21 | H24: 4.2 | I24: 0.25 | J24: S-11 | K24: 0 | L24: =IFERROR(VLOOKUP(J24,$O$2:$P$13,2),"") -> 46167 | M24: =IFERROR(TEXT(L24,"dd/mm/yyyy")& " a " & (TEXT(L24+6,"dd/mm/yyyy")),"") -> 25/05/yyyy a 31/05/yyyy
A25: Camila González | B25: Capacitación y desarrollo | C25: 45855 | D25: 45870 | E25: 3 | F25: 3 | G25: 21 | H25: 4.2 | I25: 0.25 | J25: S-12 | K25: 0 | L25: =IFERROR(VLOOKUP(J25,$O$2:$P$13,2),"") -> 46167 | M25: =IFERROR(TEXT(L25,"dd/mm/yyyy")& " a " & (TEXT(L25+6,"dd/mm/yyyy")),"") -> 25/05/yyyy a 31/05/yyyy
... A1009: Vicente Castro | B1009: Administración de personal | C1009: 45862 | D1009: 45869 | E1009: 3 | F1009: 3 | G1009: 20 | H1009: 4 | I1009: 0.5 | J1009: S-12 | K1009: 0 | L1009: =IFERROR(VLOOKUP(J1009,$O$2:$P$13,2),"") -> 46167 | M1009: =IFERROR(TEXT(L1009,"dd/mm/yyyy")& " a " & (TEXT(L1009+6,"dd/mm/yyyy")),"") -> 25/05/yyyy a 31/05/yyyy

Sheet Carga HH
A3: FILTRO | F3: ARRASTRAR | J3: =TODAY()-MOD(TODAY()-2,7) -> 46167 | K3: =J3+7 -> 46174 | L3: =K3+7 -> 46181 | M3: =L3+7 -> 46188 | N3: =M3+7 -> 46195 | O3: =N3+7 -> 46202 | P3: =O3+7 -> 46209 | Q3: =P3+7 -> 46216 | R3: =Q3+7 -> 46223 | ... U3: =T3+7 -> 46244
A4: Emplado | B4: Tarea/Actividad | C4: Fecha de inicio | D4: Plazo (fecha) | E4: Tiempo necesario estimado (Horas) | F4: Tiempo restante | G4: Días restantes | H4: Semanas restantes | I4: HH por día | J4: S-1 | K4: S-2 | L4: S-3 | M4: S-4 | N4: S-5 | O4: S-6 | P4: S-7 | Q4: S-8 | R4: S-9 | S4: S-10 | T4: S-11 | U4: S-12
A5: {=_xlfn._xlws.SORT(_xlfn._xlws.FILTER(CHOOSE({1,2,3,4,5}, Registro!A2:A99986, Registro!B2:B99986,Registro!C2:C99986,Registro!D2:D99986, Registro!E2:E99986), Registro!F2:F99986="Vigente"), 1, TRUE)} -> Camila González | B5: Reclutamiento y selección | C5: 45841 | D5: 45848 | E5: 6 | F5: =IF(E5="","",E5-IF(TODAY()<C5,0,(TODAY()-C5)*I5)) -> -321 | G5: =IF(E5="","",NETWORKDAYS(TODAY(),D5)+1) -> -228 | H5: =IF(E5="","",G5/5) -> -45.6 | I5: =IF(E5="","",E5/((NETWORKDAYS(C5,D5)))) -> 1 | J5: =IF($A5="","", IF($C5>J$3+6,0,IF($D5>=J$3,$I5*5,0) -IF($D5>=J$3,IF(K$3>$D5,NETWORKDAYS($D5,K$3)-2,0)*$I5,0) -IF(AND($C5>=J$3,$C5<K$3),($C5-J$3)*$I5,0)) -IF(AND(TODAY()>=J$3,TODAY()<K$3),IF(TODAY()>$C5,NETWORKDAYS($C5,TODAY()-1)*$I5,0),0) ) -> -233 | K5: =IF($A5="","", IF($C5>K$3+6,0,IF($D5>=K$3,$I5*5,0) -IF($D5>=K$3,IF(L$3>$D5,NETWORKDAYS($D5,L$3)-2,0)*$I5,0) -IF(AND($C5>=K$3,$C5<L$3),($C5-K$3)*$I5,0)) -IF(AND(TODAY()>=K$3,TODAY()<L$3),IF(TODAY()>$C5,NETWORKDAYS($C5,TODAY()-1)*$I5,0),0) ) -> 0 | L5: =IF($A5="","", IF($C5>L$3+6,0,IF($D5>=L$3,$I5*5,0) -IF($D5>=L$3,IF(M$3>$D5,NETWORKDAYS($D5,M$3)-2,0)*$I5,0) -IF(AND($C5>=L$3,$C5<M$3),($C5-L$3)*$I5,0)) -IF(AND(TODAY()>=L$3,TODAY()<M$3),IF(TODAY()>$C5,NETWORKDAYS($C5,TODAY()-1)*$I5,0),0) ) -> 0 | M5: =IF($A5="","", IF($C5>M$3+6,0,IF($D5>=M$3,$I5*5,0) -IF($D5>=M$3,IF(N$3>$D5,NETWORKDAYS($D5,N$3)-2,0)*$I5,0) -IF(AND($C5>=M$3,$C5<N$3),($C5-M$3)*$I5,0)) -IF(AND(TODAY()>=M$3,TODAY()<N$3),IF(TODAY()>$C5,NETWORKDAYS($C5,TODAY()-1)*$I5,0),0) ) -> 0 | N5: =IF($A5="","", IF($C5>N$3+6,0,IF($D5>=N$3,$I5*5,0) -IF($D5>=N$3,IF(O$3>$D5,NETWORKDAYS($D5,O$3)-2,0)*$I5,0) -IF(AND($C5>=N$3,$C5<O$3),($C5-N$3)*$I5,0)) -IF(AND(TODAY()>=N$3,TODAY()<O$3),IF(TODAY()>$C5,NETWORKDAYS($C5,TODAY()-1)*$I5,0),0) ) -> 0 | O5: =IF($A5="","", IF($C5>O$3+6,0,IF($D5>=O$3,$I5*5,0) -IF($D5>=O$3,IF(P$3>$D5,NETWORKDAYS($D5,P$3)-2,0)*$I5,0) -IF(AND($C5>=O$3,$C5<P$3),($C5-O$3)*$I5,0)) -IF(AND(TODAY()>=O$3,TODAY()<P$3),IF(TODAY()>$C5,NETWORKDAYS($C5,TODAY()-1)*$I5,0),0) ) -> 0 | P5: =IF($A5="","", IF($C5>P$3+6,0,IF($D5>=P$3,$I5*5,0) -IF($D5>=P$3,IF(Q$3>$D5,NETWORKDAYS($D5,Q$3)-2,0)*$I5,0) -IF(AND($C5>=P$3,$C5<Q$3),($C5-P$3)*$I5,0)) -IF(AND(TODAY()>=P$3,TODAY()<Q$3),IF(TODAY()>$C5,NETWORKDAYS($C5,TODAY()-1)*$I5,0),0) ) -> 0 | Q5: =IF($A5="","", IF($C5>Q$3+6,0,IF($D5>=Q$3,$I5*5,0) -IF($D5>=Q$3,IF(R$3>$D5,NETWORKDAYS($D5,R$3)-2,0)*$I5,0) -IF(AND($C5>=Q$3,$C5<R$3),($C5-Q$3)*$I5,0)) -IF(AND(TODAY()>=Q$3,TODAY()<R$3),IF(TODAY()>$C5,NETWORKDAYS($C5,TODAY()-1)*$I5,0),0) ) -> 0 | ... U5: =IF($A5="","", IF($C5>U$3+6,0,IF($D5>=U$3,$I5*5,0) -IF($D5>=U$3,IF(V$3>$D5,NETWORKDAYS($D5,V$3)-2,0)*$I5,0) -IF(AND($C5>=U$3,$C5<V$3),($C5-U$3)*$I5,0)) -IF(AND(TODAY()>=U$3,TODAY()<V$3),IF(TODAY()>$C5,NETWORKDAYS($C5,TODAY()-1)*$I5,0),0) ) -> 0 | W5: =SUM(J5:U5) -> -233 | X5: =W5=F5 -> FALSE
A6: Camila González | B6: Capacitación y desarrollo | C6: 45855 | D6: 45870 | E6: 3 | F6: =IF(E6="","",E6-IF(TODAY()<C6,0,(TODAY()-C6)*I6)) -> -75.25 | G6: =IF(E6="","",NETWORKDAYS(TODAY(),D6)+1) -> -212 | H6: =IF(E6="","",G6/5) -> -42.4 | I6: =IF(E6="","",E6/((NETWORKDAYS(C6,D6)))) -> 0.25 | J6: =IF($A6="","", IF($C6>J$3+6,0,IF($D6>=J$3,$I6*5,0) -IF($D6>=J$3,IF(K$3>$D6,NETWORKDAYS($D6,K$3)-2,0)*$I6,0) -IF(AND($C6>=J$3,$C6<K$3),($C6-J$3)*$I6,0)) -IF(AND(TODAY()>=J$3,TODAY()<K$3),IF(TODAY()>$C6,NETWORKDAYS($C6,TODAY()-1)*$I6,0),0) ) -> -55.75 | K6: =IF($A6="","", IF($C6>K$3+6,0,IF($D6>=K$3,$I6*5,0) -IF($D6>=K$3,IF(L$3>$D6,NETWORKDAYS($D6,L$3)-2,0)*$I6,0) -IF(AND($C6>=K$3,$C6<L$3),($C6-K$3)*$I6,0)) -IF(AND(TODAY()>=K$3,TODAY()<L$3),IF(TODAY()>$C6,NETWORKDAYS($C6,TODAY()-1)*$I6,0),0) ) -> 0 | L6: =IF($A6="","", IF($C6>L$3+6,0,IF($D6>=L$3,$I6*5,0) -IF($D6>=L$3,IF(M$3>$D6,NETWORKDAYS($D6,M$3)-2,0)*$I6,0) -IF(AND($C6>=L$3,$C6<M$3),($C6-L$3)*$I6,0)) -IF(AND(TODAY()>=L$3,TODAY()<M$3),IF(TODAY()>$C6,NETWORKDAYS($C6,TODAY()-1)*$I6,0),0) ) -> 0 | M6: =IF($A6="","", IF($C6>M$3+6,0,IF($D6>=M$3,$I6*5,0) -IF($D6>=M$3,IF(N$3>$D6,NETWORKDAYS($D6,N$3)-2,0)*$I6,0) -IF(AND($C6>=M$3,$C6<N$3),($C6-M$3)*$I6,0)) -IF(AND(TODAY()>=M$3,TODAY()<N$3),IF(TODAY()>$C6,NETWORKDAYS($C6,TODAY()-1)*$I6,0),0) ) -> 0 | N6: =IF($A6="","", IF($C6>N$3+6,0,IF($D6>=N$3,$I6*5,0) -IF($D6>=N$3,IF(O$3>$D6,NETWORKDAYS($D6,O$3)-2,0)*$I6,0) -IF(AND($C6>=N$3,$C6<O$3),($C6-N$3)*$I6,0)) -IF(AND(TODAY()>=N$3,TODAY()<O$3),IF(TODAY()>$C6,NETWORKDAYS($C6,TODAY()-1)*$I6,0),0) ) -> 0 | O6: =IF($A6="","", IF($C6>O$3+6,0,IF($D6>=O$3,$I6*5,0) -IF($D6>=O$3,IF(P$3>$D6,NETWORKDAYS($D6,P$3)-2,0)*$I6,0) -IF(AND($C6>=O$3,$C6<P$3),($C6-O$3)*$I6,0)) -IF(AND(TODAY()>=O$3,TODAY()<P$3),IF(TODAY()>$C6,NETWORKDAYS($C6,TODAY()-1)*$I6,0),0) ) -> 0 | P6: =IF($A6="","", IF($C6>P$3+6,0,IF($D6>=P$3,$I6*5,0) -IF($D6>=P$3,IF(Q$3>$D6,NETWORKDAYS($D6,Q$3)-2,0)*$I6,0) -IF(AND($C6>=P$3,$C6<Q$3),($C6-P$3)*$I6,0)) -IF(AND(TODAY()>=P$3,TODAY()<Q$3),IF(TODAY()>$C6,NETWORKDAYS($C6,TODAY()-1)*$I6,0),0) ) -> 0 | Q6: =IF($A6="","", IF($C6>Q$3+6,0,IF($D6>=Q$3,$I6*5,0) -IF($D6>=Q$3,IF(R$3>$D6,NETWORKDAYS($D6,R$3)-2,0)*$I6,0) -IF(AND($C6>=Q$3,$C6<R$3),($C6-Q$3)*$I6,0)) -IF(AND(TODAY()>=Q$3,TODAY()<R$3),IF(TODAY()>$C6,NETWORKDAYS($C6,TODAY()-1)*$I6,0),0) ) -> 0 | ... U6: =IF($A6="","", IF($C6>U$3+6,0,IF($D6>=U$3,$I6*5,0) -IF($D6>=U$3,IF(V$3>$D6,NETWORKDAYS($D6,V$3)-2,0)*$I6,0) -IF(AND($C6>=U$3,$C6<V$3),($C6-U$3)*$I6,0)) -IF(AND(TODAY()>=U$3,TODAY()<V$3),IF(TODAY()>$C6,NETWORKDAYS($C6,TODAY()-1)*$I6,0),0) ) -> 0 | W6: =SUM(J6:U6) -> -55.75 | X6: =W6=F6 -> FALSE
A7: Camila González | B7: Reclutamiento y selección | C7: 45855 | D7: 45862 | E7: 6 | F7: =IF(E7="","",E7-IF(TODAY()<C7,0,(TODAY()-C7)*I7)) -> -307 | G7: =IF(E7="","",NETWORKDAYS(TODAY(),D7)+1) -> -218 | H7: =IF(E7="","",G7/5) -> -43.6 | I7: =IF(E7="","",E7/((NETWORKDAYS(C7,D7)))) -> 1 | J7: =IF($A7="","", IF($C7>J$3+6,0,IF($D7>=J$3,$I7*5,0) -IF($D7>=J$3,IF(K$3>$D7,NETWORKDAYS($D7,K$3)-2,0)*$I7,0) -IF(AND($C7>=J$3,$C7<K$3),($C7-J$3)*$I7,0)) -IF(AND(TODAY()>=J$3,TODAY()<K$3),IF(TODAY()>$C7,NETWORKDAYS($C7,TODAY()-1)*$I7,0),0) ) -> -223 | K7: =IF($A7="","", IF($C7>K$3+6,0,IF($D7>=K$3,$I7*5,0) -IF($D7>=K$3,IF(L$3>$D7,NETWORKDAYS($D7,L$3)-2,0)*$I7,0) -IF(AND($C7>=K$3,$C7<L$3),($C7-K$3)*$I7,0)) -IF(AND(TODAY()>=K$3,TODAY()<L$3),IF(TODAY()>$C7,NETWORKDAYS($C7,TODAY()-1)*$I7,0),0) ) -> 0 | L7: =IF($A7="","", IF($C7>L$3+6,0,IF($D7>=L$3,$I7*5,0) -IF($D7>=L$3,IF(M$3>$D7,NETWORKDAYS($D7,M$3)-2,0)*$I7,0) -IF(AND($C7>=L$3,$C7<M$3),($C7-L$3)*$I7,0)) -IF(AND(TODAY()>=L$3,TODAY()<M$3),IF(TODAY()>$C7,NETWORKDAYS($C7,TODAY()-1)*$I7,0),0) ) -> 0 | M7: =IF($A7="","", IF($C7>M$3+6,0,IF($D7>=M$3,$I7*5,0) -IF($D7>=M$3,IF(N$3>$D7,NETWORKDAYS($D7,N$3)-2,0)*$I7,0) -IF(AND($C7>=M$3,$C7<N$3),($C7-M$3)*$I7,0)) -IF(AND(TODAY()>=M$3,TODAY()<N$3),IF(TODAY()>$C7,NETWORKDAYS($C7,TODAY()-1)*$I7,0),0) ) -> 0 | N7: =IF($A7="","", IF($C7>N$3+6,0,IF($D7>=N$3,$I7*5,0) -IF($D7>=N$3,IF(O$3>$D7,NETWORKDAYS($D7,O$3)-2,0)*$I7,0) -IF(AND($C7>=N$3,$C7<O$3),($C7-N$3)*$I7,0)) -IF(AND(TODAY()>=N$3,TODAY()<O$3),IF(TODAY()>$C7,NETWORKDAYS($C7,TODAY()-1)*$I7,0),0) ) -> 0 | O7: =IF($A7="","", IF($C7>O$3+6,0,IF($D7>=O$3,$I7*5,0) -IF($D7>=O$3,IF(P$3>$D7,NETWORKDAYS($D7,P$3)-2,0)*$I7,0) -IF(AND($C7>=O$3,$C7<P$3),($C7-O$3)*$I7,0)) -IF(AND(TODAY()>=O$3,TODAY()<P$3),IF(TODAY()>$C7,NETWORKDAYS($C7,TODAY()-1)*$I7,0),0) ) -> 0 | P7: =IF($A7="","", IF($C7>P$3+6,0,IF($D7>=P$3,$I7*5,0) -IF($D7>=P$3,IF(Q$3>$D7,NETWORKDAYS($D7,Q$3)-2,0)*$I7,0) -IF(AND($C7>=P$3,$C7<Q$3),($C7-P$3)*$I7,0)) -IF(AND(TODAY()>=P$3,TODAY()<Q$3),IF(TODAY()>$C7,NETWORKDAYS($C7,TODAY()-1)*$I7,0),0) ) -> 0 | Q7: =IF($A7="","", IF($C7>Q$3+6,0,IF($D7>=Q$3,$I7*5,0) -IF($D7>=Q$3,IF(R$3>$D7,NETWORKDAYS($D7,R$3)-2,0)*$I7,0) -IF(AND($C7>=Q$3,$C7<R$3),($C7-Q$3)*$I7,0)) -IF(AND(TODAY()>=Q$3,TODAY()<R$3),IF(TODAY()>$C7,NETWORKDAYS($C7,TODAY()-1)*$I7,0),0) ) -> 0 | ... U7: =IF($A7="","", IF($C7>U$3+6,0,IF($D7>=U$3,$I7*5,0) -IF($D7>=U$3,IF(V$3>$D7,NETWORKDAYS($D7,V$3)-2,0)*$I7,0) -IF(AND($C7>=U$3,$C7<V$3),($C7-U$3)*$I7,0)) -IF(AND(TODAY()>=U$3,TODAY()<V$3),IF(TODAY()>$C7,NETWORKDAYS($C7,TODAY()-1)*$I7,0),0) ) -> 0 | W7: =SUM(J7:U7) -> -223 | X7: =W7=F7 -> FALSE
A8: Camila González | B8: Cumplimiento legal y normativo | C8: 45848 | D8: 45855 | E8: 3 | F8: =IF(E8="","",E8-IF(TODAY()<C8,0,(TODAY()-C8)*I8)) -> -157 | G8: =IF(E8="","",NETWORKDAYS(TODAY(),D8)+1) -> -223 | H8: =IF(E8="","",G8/5) -> -44.6 | I8: =IF(E8="","",E8/((NETWORKDAYS(C8,D8)))) -> 0.5 | J8: =IF($A8="","", IF($C8>J$3+6,0,IF($D8>=J$3,$I8*5,0) -IF($D8>=J$3,IF(K$3>$D8,NETWORKDAYS($D8,K$3)-2,0)*$I8,0) -IF(AND($C8>=J$3,$C8<K$3),($C8-J$3)*$I8,0)) -IF(AND(TODAY()>=J$3,TODAY()<K$3),IF(TODAY()>$C8,NETWORKDAYS($C8,TODAY()-1)*$I8,0),0) ) -> -114 | K8: =IF($A8="","", IF($C8>K$3+6,0,IF($D8>=K$3,$I8*5,0) -IF($D8>=K$3,IF(L$3>$D8,NETWORKDAYS($D8,L$3)-2,0)*$I8,0) -IF(AND($C8>=K$3,$C8<L$3),($C8-K$3)*$I8,0)) -IF(AND(TODAY()>=K$3,TODAY()<L$3),IF(TODAY()>$C8,NETWORKDAYS($C8,TODAY()-1)*$I8,0),0) ) -> 0 | L8: =IF($A8="","", IF($C8>L$3+6,0,IF($D8>=L$3,$I8*5,0) -IF($D8>=L$3,IF(M$3>$D8,NETWORKDAYS($D8,M$3)-2,0)*$I8,0) -IF(AND($C8>=L$3,$C8<M$3),($C8-L$3)*$I8,0)) -IF(AND(TODAY()>=L$3,TODAY()<M$3),IF(TODAY()>$C8,NETWORKDAYS($C8,TODAY()-1)*$I8,0),0) ) -> 0 | M8: =IF($A8="","", IF($C8>M$3+6,0,IF($D8>=M$3,$I8*5,0) -IF($D8>=M$3,IF(N$3>$D8,NETWORKDAYS($D8,N$3)-2,0)*$I8,0) -IF(AND($C8>=M$3,$C8<N$3),($C8-M$3)*$I8,0)) -IF(AND(TODAY()>=M$3,TODAY()<N$3),IF(TODAY()>$C8,NETWORKDAYS($C8,TODAY()-1)*$I8,0),0) ) -> 0 | N8: =IF($A8="","", IF($C8>N$3+6,0,IF($D8>=N$3,$I8*5,0) -IF($D8>=N$3,IF(O$3>$D8,NETWORKDAYS($D8,O$3)-2,0)*$I8,0) -IF(AND($C8>=N$3,$C8<O$3),($C8-N$3)*$I8,0)) -IF(AND(TODAY()>=N$3,TODAY()<O$3),IF(TODAY()>$C8,NETWORKDAYS($C8,TODAY()-1)*$I8,0),0) ) -> 0 | O8: =IF($A8="","", IF($C8>O$3+6,0,IF($D8>=O$3,$I8*5,0) -IF($D8>=O$3,IF(P$3>$D8,NETWORKDAYS($D8,P$3)-2,0)*$I8,0) -IF(AND($C8>=O$3,$C8<P$3),($C8-O$3)*$I8,0)) -IF(AND(TODAY()>=O$3,TODAY()<P$3),IF(TODAY()>$C8,NETWORKDAYS($C8,TODAY()-1)*$I8,0),0) ) -> 0 | P8: =IF($A8="","", IF($C8>P$3+6,0,IF($D8>=P$3,$I8*5,0) -IF($D8>=P$3,IF(Q$3>$D8,NETWORKDAYS($D8,Q$3)-2,0)*$I8,0) -IF(AND($C8>=P$3,$C8<Q$3),($C8-P$3)*$I8,0)) -IF(AND(TODAY()>=P$3,TODAY()<Q$3),IF(TODAY()>$C8,NETWORKDAYS($C8,TODAY()-1)*$I8,0),0) ) -> 0 | Q8: =IF($A8="","", IF($C8>Q$3+6,0,IF($D8>=Q$3,$I8*5,0) -IF($D8>=Q$3,IF(R$3>$D8,NETWORKDAYS($D8,R$3)-2,0)*$I8,0) -IF(AND($C8>=Q$3,$C8<R$3),($C8-Q$3)*$I8,0)) -IF(AND(TODAY()>=Q$3,TODAY()<R$3),IF(TODAY()>$C8,NETWORKDAYS($C8,TODAY()-1)*$I8,0),0) ) -> 0 | ... U8: =IF($A8="","", IF($C8>U$3+6,0,IF($D8>=U$3,$I8*5,0) -IF($D8>=U$3,IF(V$3>$D8,NETWORKDAYS($D8,V$3)-2,0)*$I8,0) -IF(AND($C8>=U$3,$C8<V$3),($C8-U$3)*$I8,0)) -IF(AND(TODAY()>=U$3,TODAY()<V$3),IF(TODAY()>$C8,NETWORKDAYS($C8,TODAY()-1)*$I8,0),0) ) -> 0 | W8: =SUM(J8:U8) -> -114 | X8: =W8=F8 -> FALSE
A9: Camila González | B9: Gestión de salud y seguridad ocupacional | C9: 45848 | D9: 45855 | E9: 2.5 | F9: =IF(E9="","",E9-IF(TODAY()<C9,0,(TODAY()-C9)*I9)) -> -130.83333 | G9: =IF(E9="","",NETWORKDAYS(TODAY(),D9)+1) -> -223 | H9: =IF(E9="","",G9/5) -> -44.6 | I9: =IF(E9="","",E9/((NETWORKDAYS(C9,D9)))) -> 0.41666667 | J9: =IF($A9="","", IF($C9>J$3+6,0,IF($D9>=J$3,$I9*5,0) -IF($D9>=J$3,IF(K$3>$D9,NETWORKDAYS($D9,K$3)-2,0)*$I9,0) -IF(AND($C9>=J$3,$C9<K$3),($C9-J$3)*$I9,0)) -IF(AND(TODAY()>=J$3,TODAY()<K$3),IF(TODAY()>$C9,NETWORKDAYS($C9,TODAY()-1)*$I9,0),0) ) -> -95 | K9: =IF($A9="","", IF($C9>K$3+6,0,IF($D9>=K$3,$I9*5,0) -IF($D9>=K$3,IF(L$3>$D9,NETWORKDAYS($D9,L$3)-2,0)*$I9,0) -IF(AND($C9>=K$3,$C9<L$3),($C9-K$3)*$I9,0)) -IF(AND(TODAY()>=K$3,TODAY()<L$3),IF(TODAY()>$C9,NETWORKDAYS($C9,TODAY()-1)*$I9,0),0) ) -> 0 | L9: =IF($A9="","", IF($C9>L$3+6,0,IF($D9>=L$3,$I9*5,0) -IF($D9>=L$3,IF(M$3>$D9,NETWORKDAYS($D9,M$3)-2,0)*$I9,0) -IF(AND($C9>=L$3,$C9<M$3),($C9-L$3)*$I9,0)) -IF(AND(TODAY()>=L$3,TODAY()<M$3),IF(TODAY()>$C9,NETWORKDAYS($C9,TODAY()-1)*$I9,0),0) ) -> 0 | M9: =IF($A9="","", IF($C9>M$3+6,0,IF($D9>=M$3,$I9*5,0) -IF($D9>=M$3,IF(N$3>$D9,NETWORKDAYS($D9,N$3)-2,0)*$I9,0) -IF(AND($C9>=M$3,$C9<N$3),($C9-M$3)*$I9,0)) -IF(AND(TODAY()>=M$3,TODAY()<N$3),IF(TODAY()>$C9,NETWORKDAYS($C9,TODAY()-1)*$I9,0),0) ) -> 0 | N9: =IF($A9="","", IF($C9>N$3+6,0,IF($D9>=N$3,$I9*5,0) -IF($D9>=N$3,IF(O$3>$D9,NETWORKDAYS($D9,O$3)-2,0)*$I9,0) -IF(AND($C9>=N$3,$C9<O$3),($C9-N$3)*$I9,0)) -IF(AND(TODAY()>=N$3,TODAY()<O$3),IF(TODAY()>$C9,NETWORKDAYS($C9,TODAY()-1)*$I9,0),0) ) -> 0 | O9: =IF($A9="","", IF($C9>O$3+6,0,IF($D9>=O$3,$I9*5,0) -IF($D9>=O$3,IF(P$3>$D9,NETWORKDAYS($D9,P$3)-2,0)*$I9,0) -IF(AND($C9>=O$3,$C9<P$3),($C9-O$3)*$I9,0)) -IF(AND(TODAY()>=O$3,TODAY()<P$3),IF(TODAY()>$C9,NETWORKDAYS($C9,TODAY()-1)*$I9,0),0) ) -> 0 | P9: =IF($A9="","", IF($C9>P$3+6,0,IF($D9>=P$3,$I9*5,0) -IF($D9>=P$3,IF(Q$3>$D9,NETWORKDAYS($D9,Q$3)-2,0)*$I9,0) -IF(AND($C9>=P$3,$C9<Q$3),($C9-P$3)*$I9,0)) -IF(AND(TODAY()>=P$3,TODAY()<Q$3),IF(TODAY()>$C9,NETWORKDAYS($C9,TODAY()-1)*$I9,0),0) ) -> 0 | Q9: =IF($A9="","", IF($C9>Q$3+6,0,IF($D9>=Q$3,$I9*5,0) -IF($D9>=Q$3,IF(R$3>$D9,NETWORKDAYS($D9,R$3)-2,0)*$I9,0) -IF(AND($C9>=Q$3,$C9<R$3),($C9-Q$3)*$I9,0)) -IF(AND(TODAY()>=Q$3,TODAY()<R$3),IF(TODAY()>$C9,NETWORKDAYS($C9,TODAY()-1)*$I9,0),0) ) -> 0 | ... U9: =IF($A9="","", IF($C9>U$3+6,0,IF($D9>=U$3,$I9*5,0) -IF($D9>=U$3,IF(V$3>$D9,NETWORKDAYS($D9,V$3)-2,0)*$I9,0) -IF(AND($C9>=U$3,$C9<V$3),($C9-U$3)*$I9,0)) -IF(AND(TODAY()>=U$3,TODAY()<V$3),IF(TODAY()>$C9,NETWORKDAYS($C9,TODAY()-1)*$I9,0),0) ) -> 0 | W9: =SUM(J9:U9) -> -95 | X9: =W9=F9 -> FALSE
A10: Camila González | B10: Cumplimiento legal y normativo | C10: 45862 | D10: 45869 | E10: 3 | F10: =IF(E10="","",E10-IF(TODAY()<C10,0,(TODAY()-C10)*I10)) -> -150 | G10: =IF(E10="","",NETWORKDAYS(TODAY(),D10)+1) -> -213 | H10: =IF(E10="","",G10/5) -> -42.6 | I10: =IF(E10="","",E10/((NETWORKDAYS(C10,D10)))) -> 0.5 | J10: =IF($A10="","", IF($C10>J$3+6,0,IF($D10>=J$3,$I10*5,0) -IF($D10>=J$3,IF(K$3>$D10,NETWORKDAYS($D10,K$3)-2,0)*$I10,0) -IF(AND($C10>=J$3,$C10<K$3),($C10-J$3)*$I10,0)) -IF(AND(TODAY()>=J$3,TODAY()<K$3),IF(TODAY()>$C10,NETWORKDAYS($C10,TODAY()-1)*$I10,0),0) ) -> -109 | K10: =IF($A10="","", IF($C10>K$3+6,0,IF($D10>=K$3,$I10*5,0) -IF($D10>=K$3,IF(L$3>$D10,NETWORKDAYS($D10,L$3)-2,0)*$I10,0) -IF(AND($C10>=K$3,$C10<L$3),($C10-K$3)*$I10,0)) -IF(AND(TODAY()>=K$3,TODAY()<L$3),IF(TODAY()>$C10,NETWORKDAYS($C10,TODAY()-1)*$I10,0),0) ) -> 0 | L10: =IF($A10="","", IF($C10>L$3+6,0,IF($D10>=L$3,$I10*5,0) -IF($D10>=L$3,IF(M$3>$D10,NETWORKDAYS($D10,M$3)-2,0)*$I10,0) -IF(AND($C10>=L$3,$C10<M$3),($C10-L$3)*$I10,0)) -IF(AND(TODAY()>=L$3,TODAY()<M$3),IF(TODAY()>$C10,NETWORKDAYS($C10,TODAY()-1)*$I10,0),0) ) -> 0 | M10: =IF($A10="","", IF($C10>M$3+6,0,IF($D10>=M$3,$I10*5,0) -IF($D10>=M$3,IF(N$3>$D10,NETWORKDAYS($D10,N$3)-2,0)*$I10,0) -IF(AND($C10>=M$3,$C10<N$3),($C10-M$3)*$I10,0)) -IF(AND(TODAY()>=M$3,TODAY()<N$3),IF(TODAY()>$C10,NETWORKDAYS($C10,TODAY()-1)*$I10,0),0) ) -> 0 | N10: =IF($A10="","", IF($C10>N$3+6,0,IF($D10>=N$3,$I10*5,0) -IF($D10>=N$3,IF(O$3>$D10,NETWORKDAYS($D10,O$3)-2,0)*$I10,0) -IF(AND($C10>=N$3,$C10<O$3),($C10-N$3)*$I10,0)) -IF(AND(TODAY()>=N$3,TODAY()<O$3),IF(TODAY()>$C10,NETWORKDAYS($C10,TODAY()-1)*$I10,0),0) ) -> 0 | O10: =IF($A10="","", IF($C10>O$3+6,0,IF($D10>=O$3,$I10*5,0) -IF($D10>=O$3,IF(P$3>$D10,NETWORKDAYS($D10,P$3)-2,0)*$I10,0) -IF(AND($C10>=O$3,$C10<P$3),($C10-O$3)*$I10,0)) -IF(AND(TODAY()>=O$3,TODAY()<P$3),IF(TODAY()>$C10,NETWORKDAYS($C10,TODAY()-1)*$I10,0),0) ) -> 0 | P10: =IF($A10="","", IF($C10>P$3+6,0,IF($D10>=P$3,$I10*5,0) -IF($D10>=P$3,IF(Q$3>$D10,NETWORKDAYS($D10,Q$3)-2,0)*$I10,0) -IF(AND($C10>=P$3,$C10<Q$3),($C10-P$3)*$I10,0)) -IF(AND(TODAY()>=P$3,TODAY()<Q$3),IF(TODAY()>$C10,NETWORKDAYS($C10,TODAY()-1)*$I10,0),0) ) -> 0 | Q10: =IF($A10="","", IF($C10>Q$3+6,0,IF($D10>=Q$3,$I10*5,0) -IF($D10>=Q$3,IF(R$3>$D10,NETWORKDAYS($D10,R$3)-2,0)*$I10,0) -IF(AND($C10>=Q$3,$C10<R$3),($C10-Q$3)*$I10,0)) -IF(AND(TODAY()>=Q$3,TODAY()<R$3),IF(TODAY()>$C10,NETWORKDAYS($C10,TODAY()-1)*$I10,0),0) ) -> 0 | ... U10: =IF($A10="","", IF($C10>U$3+6,0,IF($D10>=U$3,$I10*5,0) -IF($D10>=U$3,IF(V$3>$D10,NETWORKDAYS($D10,V$3)-2,0)*$I10,0) -IF(AND($C10>=U$3,$C10<V$3),($C10-U$3)*$I10,0)) -IF(AND(TODAY()>=U$3,TODAY()<V$3),IF(TODAY()>$C10,NETWORKDAYS($C10,TODAY()-1)*$I10,0),0) ) -> 0 | W10: =SUM(J10:U10) -> -109 | X10: =W10=F10 -> FALSE
A11: Camila González | B11: Capacitación y desarrollo | C11: 45862 | D11: 45869 | E11: 3 | F11: =IF(E11="","",E11-IF(TODAY()<C11,0,(TODAY()-C11)*I11)) -> -150 | G11: =IF(E11="","",NETWORKDAYS(TODAY(),D11)+1) -> -213 | H11: =IF(E11="","",G11/5) -> -42.6 | I11: =IF(E11="","",E11/((NETWORKDAYS(C11,D11)))) -> 0.5 | J11: =IF($A11="","", IF($C11>J$3+6,0,IF($D11>=J$3,$I11*5,0) -IF($D11>=J$3,IF(K$3>$D11,NETWORKDAYS($D11,K$3)-2,0)*$I11,0) -IF(AND($C11>=J$3,$C11<K$3),($C11-J$3)*$I11,0)) -IF(AND(TODAY()>=J$3,TODAY()<K$3),IF(TODAY()>$C11,NETWORKDAYS($C11,TODAY()-1)*$I11,0),0) ) -> -109 | K11: =IF($A11="","", IF($C11>K$3+6,0,IF($D11>=K$3,$I11*5,0) -IF($D11>=K$3,IF(L$3>$D11,NETWORKDAYS($D11,L$3)-2,0)*$I11,0) -IF(AND($C11>=K$3,$C11<L$3),($C11-K$3)*$I11,0)) -IF(AND(TODAY()>=K$3,TODAY()<L$3),IF(TODAY()>$C11,NETWORKDAYS($C11,TODAY()-1)*$I11,0),0) ) -> 0 | L11: =IF($A11="","", IF($C11>L$3+6,0,IF($D11>=L$3,$I11*5,0) -IF($D11>=L$3,IF(M$3>$D11,NETWORKDAYS($D11,M$3)-2,0)*$I11,0) -IF(AND($C11>=L$3,$C11<M$3),($C11-L$3)*$I11,0)) -IF(AND(TODAY()>=L$3,TODAY()<M$3),IF(TODAY()>$C11,NETWORKDAYS($C11,TODAY()-1)*$I11,0),0) ) -> 0 | M11: =IF($A11="","", IF($C11>M$3+6,0,IF($D11>=M$3,$I11*5,0) -IF($D11>=M$3,IF(N$3>$D11,NETWORKDAYS($D11,N$3)-2,0)*$I11,0) -IF(AND($C11>=M$3,$C11<N$3),($C11-M$3)*$I11,0)) -IF(AND(TODAY()>=M$3,TODAY()<N$3),IF(TODAY()>$C11,NETWORKDAYS($C11,TODAY()-1)*$I11,0),0) ) -> 0 | N11: =IF($A11="","", IF($C11>N$3+6,0,IF($D11>=N$3,$I11*5,0) -IF($D11>=N$3,IF(O$3>$D11,NETWORKDAYS($D11,O$3)-2,0)*$I11,0) -IF(AND($C11>=N$3,$C11<O$3),($C11-N$3)*$I11,0)) -IF(AND(TODAY()>=N$3,TODAY()<O$3),IF(TODAY()>$C11,NETWORKDAYS($C11,TODAY()-1)*$I11,0),0) ) -> 0 | O11: =IF($A11="","", IF($C11>O$3+6,0,IF($D11>=O$3,$I11*5,0) -IF($D11>=O$3,IF(P$3>$D11,NETWORKDAYS($D11,P$3)-2,0)*$I11,0) -IF(AND($C11>=O$3,$C11<P$3),($C11-O$3)*$I11,0)) -IF(AND(TODAY()>=O$3,TODAY()<P$3),IF(TODAY()>$C11,NETWORKDAYS($C11,TODAY()-1)*$I11,0),0) ) -> 0 | P11: =IF($A11="","", IF($C11>P$3+6,0,IF($D11>=P$3,$I11*5,0) -IF($D11>=P$3,IF(Q$3>$D11,NETWORKDAYS($D11,Q$3)-2,0)*$I11,0) -IF(AND($C11>=P$3,$C11<Q$3),($C11-P$3)*$I11,0)) -IF(AND(TODAY()>=P$3,TODAY()<Q$3),IF(TODAY()>$C11,NETWORKDAYS($C11,TODAY()-1)*$I11,0),0) ) -> 0 | Q11: =IF($A11="","", IF($C11>Q$3+6,0,IF($D11>=Q$3,$I11*5,0) -IF($D11>=Q$3,IF(R$3>$D11,NETWORKDAYS($D11,R$3)-2,0)*$I11,0) -IF(AND($C11>=Q$3,$C11<R$3),($C11-Q$3)*$I11,0)) -IF(AND(TODAY()>=Q$3,TODAY()<R$3),IF(TODAY()>$C11,NETWORKDAYS($C11,TODAY()-1)*$I11,0),0) ) -> 0 | ... U11: =IF($A11="","", IF($C11>U$3+6,0,IF($D11>=U$3,$I11*5,0) -IF($D11>=U$3,IF(V$3>$D11,NETWORKDAYS($D11,V$3)-2,0)*$I11,0) -IF(AND($C11>=U$3,$C11<V$3),($C11-U$3)*$I11,0)) -IF(AND(TODAY()>=U$3,TODAY()<V$3),IF(TODAY()>$C11,NETWORKDAYS($C11,TODAY()-1)*$I11,0),0) ) -> 0 | W11: =SUM(J11:U11) -> -109 | X11: =W11=F11 -> FALSE
A12: Camila González | B12: Administración de personal | C12: 45848 | D12: 45855 | E12: 3 | F12: =IF(E12="","",E12-IF(TODAY()<C12,0,(TODAY()-C12)*I12)) -> -157 | G12: =IF(E12="","",NETWORKDAYS(TODAY(),D12)+1) -> -223 | H12: =IF(E12="","",G12/5) -> -44.6 | I12: =IF(E12="","",E12/((NETWORKDAYS(C12,D12)))) -> 0.5 | J12: =IF($A12="","", IF($C12>J$3+6,0,IF($D12>=J$3,$I12*5,0) -IF($D12>=J$3,IF(K$3>$D12,NETWORKDAYS($D12,K$3)-2,0)*$I12,0) -IF(AND($C12>=J$3,$C12<K$3),($C12-J$3)*$I12,0)) -IF(AND(TODAY()>=J$3,TODAY()<K$3),IF(TODAY()>$C12,NETWORKDAYS($C12,TODAY()-1)*$I12,0),0) ) -> -114 | K12: =IF($A12="","", IF($C12>K$3+6,0,IF($D12>=K$3,$I12*5,0) -IF($D12>=K$3,IF(L$3>$D12,NETWORKDAYS($D12,L$3)-2,0)*$I12,0) -IF(AND($C12>=K$3,$C12<L$3),($C12-K$3)*$I12,0)) -IF(AND(TODAY()>=K$3,TODAY()<L$3),IF(TODAY()>$C12,NETWORKDAYS($C12,TODAY()-1)*$I12,0),0) ) -> 0 | L12: =IF($A12="","", IF($C12>L$3+6,0,IF($D12>=L$3,$I12*5,0) -IF($D12>=L$3,IF(M$3>$D12,NETWORKDAYS($D12,M$3)-2,0)*$I12,0) -IF(AND($C12>=L$3,$C12<M$3),($C12-L$3)*$I12,0)) -IF(AND(TODAY()>=L$3,TODAY()<M$3),IF(TODAY()>$C12,NETWORKDAYS($C12,TODAY()-1)*$I12,0),0) ) -> 0 | M12: =IF($A12="","", IF($C12>M$3+6,0,IF($D12>=M$3,$I12*5,0) -IF($D12>=M$3,IF(N$3>$D12,NETWORKDAYS($D12,N$3)-2,0)*$I12,0) -IF(AND($C12>=M$3,$C12<N$3),($C12-M$3)*$I12,0)) -IF(AND(TODAY()>=M$3,TODAY()<N$3),IF(TODAY()>$C12,NETWORKDAYS($C12,TODAY()-1)*$I12,0),0) ) -> 0 | N12: =IF($A12="","", IF($C12>N$3+6,0,IF($D12>=N$3,$I12*5,0) -IF($D12>=N$3,IF(O$3>$D12,NETWORKDAYS($D12,O$3)-2,0)*$I12,0) -IF(AND($C12>=N$3,$C12<O$3),($C12-N$3)*$I12,0)) -IF(AND(TODAY()>=N$3,TODAY()<O$3),IF(TODAY()>$C12,NETWORKDAYS($C12,TODAY()-1)*$I12,0),0) ) -> 0 | O12: =IF($A12="","", IF($C12>O$3+6,0,IF($D12>=O$3,$I12*5,0) -IF($D12>=O$3,IF(P$3>$D12,NETWORKDAYS($D12,P$3)-2,0)*$I12,0) -IF(AND($C12>=O$3,$C12<P$3),($C12-O$3)*$I12,0)) -IF(AND(TODAY()>=O$3,TODAY()<P$3),IF(TODAY()>$C12,NETWORKDAYS($C12,TODAY()-1)*$I12,0),0) ) -> 0 | P12: =IF($A12="","", IF($C12>P$3+6,0,IF($D12>=P$3,$I12*5,0) -IF($D12>=P$3,IF(Q$3>$D12,NETWORKDAYS($D12,Q$3)-2,0)*$I12,0) -IF(AND($C12>=P$3,$C12<Q$3),($C12-P$3)*$I12,0)) -IF(AND(TODAY()>=P$3,TODAY()<Q$3),IF(TODAY()>$C12,NETWORKDAYS($C12,TODAY()-1)*$I12,0),0) ) -> 0 | Q12: =IF($A12="","", IF($C12>Q$3+6,0,IF($D12>=Q$3,$I12*5,0) -IF($D12>=Q$3,IF(R$3>$D12,NETWORKDAYS($D12,R$3)-2,0)*$I12,0) -IF(AND($C12>=Q$3,$C12<R$3),($C12-Q$3)*$I12,0)) -IF(AND(TODAY()>=Q$3,TODAY()<R$3),IF(TODAY()>$C12,NETWORKDAYS($C12,TODAY()-1)*$I12,0),0) ) -> 0 | ... U12: =IF($A12="","", IF($C12>U$3+6,0,IF($D12>=U$3,$I12*5,0) -IF($D12>=U$3,IF(V$3>$D12,NETWORKDAYS($D12,V$3)-2,0)*$I12,0) -IF(AND($C12>=U$3,$C12<V$3),($C12-U$3)*$I12,0)) -IF(AND(TODAY()>=U$3,TODAY()<V$3),IF(TODAY()>$C12,NETWORKDAYS($C12,TODAY()-1)*$I12,0),0) ) -> 0 | W12: =SUM(J12:U12) -> -114 | X12: =W12=F12 -> FALSE
A13: Camila González | B13: Gestión de remuneraciones y beneficios | C13: 45848 | D13: 45855 | E13: 9 | F13: =IF(E13="","",E13-IF(TODAY()<C13,0,(TODAY()-C13)*I13)) -> -471 | G13: =IF(E13="","",NETWORKDAYS(TODAY(),D13)+1) -> -223 | H13: =IF(E13="","",G13/5) -> -44.6 | I13: =IF(E13="","",E13/((NETWORKDAYS(C13,D13)))) -> 1.5 | J13: =IF($A13="","", IF($C13>J$3+6,0,IF($D13>=J$3,$I13*5,0) -IF($D13>=J$3,IF(K$3>$D13,NETWORKDAYS($D13,K$3)-2,0)*$I13,0) -IF(AND($C13>=J$3,$C13<K$3),($C13-J$3)*$I13,0)) -IF(AND(TODAY()>=J$3,TODAY()<K$3),IF(TODAY()>$C13,NETWORKDAYS($C13,TODAY()-1)*$I13,0),0) ) -> -342 | K13: =IF($A13="","", IF($C13>K$3+6,0,IF($D13>=K$3,$I13*5,0) -IF($D13>=K$3,IF(L$3>$D13,NETWORKDAYS($D13,L$3)-2,0)*$I13,0) -IF(AND($C13>=K$3,$C13<L$3),($C13-K$3)*$I13,0)) -IF(AND(TODAY()>=K$3,TODAY()<L$3),IF(TODAY()>$C13,NETWORKDAYS($C13,TODAY()-1)*$I13,0),0) ) -> 0 | L13: =IF($A13="","", IF($C13>L$3+6,0,IF($D13>=L$3,$I13*5,0) -IF($D13>=L$3,IF(M$3>$D13,NETWORKDAYS($D13,M$3)-2,0)*$I13,0) -IF(AND($C13>=L$3,$C13<M$3),($C13-L$3)*$I13,0)) -IF(AND(TODAY()>=L$3,TODAY()<M$3),IF(TODAY()>$C13,NETWORKDAYS($C13,TODAY()-1)*$I13,0),0) ) -> 0 | M13: =IF($A13="","", IF($C13>M$3+6,0,IF($D13>=M$3,$I13*5,0) -IF($D13>=M$3,IF(N$3>$D13,NETWORKDAYS($D13,N$3)-2,0)*$I13,0) -IF(AND($C13>=M$3,$C13<N$3),($C13-M$3)*$I13,0)) -IF(AND(TODAY()>=M$3,TODAY()<N$3),IF(TODAY()>$C13,NETWORKDAYS($C13,TODAY()-1)*$I13,0),0) ) -> 0 | N13: =IF($A13="","", IF($C13>N$3+6,0,IF($D13>=N$3,$I13*5,0) -IF($D13>=N$3,IF(O$3>$D13,NETWORKDAYS($D13,O$3)-2,0)*$I13,0) -IF(AND($C13>=N$3,$C13<O$3),($C13-N$3)*$I13,0)) -IF(AND(TODAY()>=N$3,TODAY()<O$3),IF(TODAY()>$C13,NETWORKDAYS($C13,TODAY()-1)*$I13,0),0) ) -> 0 | O13: =IF($A13="","", IF($C13>O$3+6,0,IF($D13>=O$3,$I13*5,0) -IF($D13>=O$3,IF(P$3>$D13,NETWORKDAYS($D13,P$3)-2,0)*$I13,0) -IF(AND($C13>=O$3,$C13<P$3),($C13-O$3)*$I13,0)) -IF(AND(TODAY()>=O$3,TODAY()<P$3),IF(TODAY()>$C13,NETWORKDAYS($C13,TODAY()-1)*$I13,0),0) ) -> 0 | P13: =IF($A13="","", IF($C13>P$3+6,0,IF($D13>=P$3,$I13*5,0) -IF($D13>=P$3,IF(Q$3>$D13,NETWORKDAYS($D13,Q$3)-2,0)*$I13,0) -IF(AND($C13>=P$3,$C13<Q$3),($C13-P$3)*$I13,0)) -IF(AND(TODAY()>=P$3,TODAY()<Q$3),IF(TODAY()>$C13,NETWORKDAYS($C13,TODAY()-1)*$I13,0),0) ) -> 0 | Q13: =IF($A13="","", IF($C13>Q$3+6,0,IF($D13>=Q$3,$I13*5,0) -IF($D13>=Q$3,IF(R$3>$D13,NETWORKDAYS($D13,R$3)-2,0)*$I13,0) -IF(AND($C13>=Q$3,$C13<R$3),($C13-Q$3)*$I13,0)) -IF(AND(TODAY()>=Q$3,TODAY()<R$3),IF(TODAY()>$C13,NETWORKDAYS($C13,TODAY()-1)*$I13,0),0) ) -> 0 | ... U13: =IF($A13="","", IF($C13>U$3+6,0,IF($D13>=U$3,$I13*5,0) -IF($D13>=U$3,IF(V$3>$D13,NETWORKDAYS($D13,V$3)-2,0)*$I13,0) -IF(AND($C13>=U$3,$C13<V$3),($C13-U$3)*$I13,0)) -IF(AND(TODAY()>=U$3,TODAY()<V$3),IF(TODAY()>$C13,NETWORKDAYS($C13,TODAY()-1)*$I13,0),0) ) -> 0 | W13: =SUM(J13:U13) -> -342 | X13: =W13=F13 -> FALSE
A14: Camila González | B14: Administración de personal | C14: 45862 | D14: 45869 | E14: 3 | F14: =IF(E14="","",E14-IF(TODAY()<C14,0,(TODAY()-C14)*I14)) -> -150 | G14: =IF(E14="","",NETWORKDAYS(TODAY(),D14)+1) -> -213 | H14: =IF(E14="","",G14/5) -> -42.6 | I14: =IF(E14="","",E14/((NETWORKDAYS(C14,D14)))) -> 0.5 | J14: =IF($A14="","", IF($C14>J$3+6,0,IF($D14>=J$3,$I14*5,0) -IF($D14>=J$3,IF(K$3>$D14,NETWORKDAYS($D14,K$3)-2,0)*$I14,0) -IF(AND($C14>=J$3,$C14<K$3),($C14-J$3)*$I14,0)) -IF(AND(TODAY()>=J$3,TODAY()<K$3),IF(TODAY()>$C14,NETWORKDAYS($C14,TODAY()-1)*$I14,0),0) ) -> -109 | K14: =IF($A14="","", IF($C14>K$3+6,0,IF($D14>=K$3,$I14*5,0) -IF($D14>=K$3,IF(L$3>$D14,NETWORKDAYS($D14,L$3)-2,0)*$I14,0) -IF(AND($C14>=K$3,$C14<L$3),($C14-K$3)*$I14,0)) -IF(AND(TODAY()>=K$3,TODAY()<L$3),IF(TODAY()>$C14,NETWORKDAYS($C14,TODAY()-1)*$I14,0),0) ) -> 0 | L14: =IF($A14="","", IF($C14>L$3+6,0,IF($D14>=L$3,$I14*5,0) -IF($D14>=L$3,IF(M$3>$D14,NETWORKDAYS($D14,M$3)-2,0)*$I14,0) -IF(AND($C14>=L$3,$C14<M$3),($C14-L$3)*$I14,0)) -IF(AND(TODAY()>=L$3,TODAY()<M$3),IF(TODAY()>$C14,NETWORKDAYS($C14,TODAY()-1)*$I14,0),0) ) -> 0 | M14: =IF($A14="","", IF($C14>M$3+6,0,IF($D14>=M$3,$I14*5,0) -IF($D14>=M$3,IF(N$3>$D14,NETWORKDAYS($D14,N$3)-2,0)*$I14,0) -IF(AND($C14>=M$3,$C14<N$3),($C14-M$3)*$I14,0)) -IF(AND(TODAY()>=M$3,TODAY()<N$3),IF(TODAY()>$C14,NETWORKDAYS($C14,TODAY()-1)*$I14,0),0) ) -> 0 | N14: =IF($A14="","", IF($C14>N$3+6,0,IF($D14>=N$3,$I14*5,0) -IF($D14>=N$3,IF(O$3>$D14,NETWORKDAYS($D14,O$3)-2,0)*$I14,0) -IF(AND($C14>=N$3,$C14<O$3),($C14-N$3)*$I14,0)) -IF(AND(TODAY()>=N$3,TODAY()<O$3),IF(TODAY()>$C14,NETWORKDAYS($C14,TODAY()-1)*$I14,0),0) ) -> 0 | O14: =IF($A14="","", IF($C14>O$3+6,0,IF($D14>=O$3,$I14*5,0) -IF($D14>=O$3,IF(P$3>$D14,NETWORKDAYS($D14,P$3)-2,0)*$I14,0) -IF(AND($C14>=O$3,$C14<P$3),($C14-O$3)*$I14,0)) -IF(AND(TODAY()>=O$3,TODAY()<P$3),IF(TODAY()>$C14,NETWORKDAYS($C14,TODAY()-1)*$I14,0),0) ) -> 0 | P14: =IF($A14="","", IF($C14>P$3+6,0,IF($D14>=P$3,$I14*5,0) -IF($D14>=P$3,IF(Q$3>$D14,NETWORKDAYS($D14,Q$3)-2,0)*$I14,0) -IF(AND($C14>=P$3,$C14<Q$3),($C14-P$3)*$I14,0)) -IF(AND(TODAY()>=P$3,TODAY()<Q$3),IF(TODAY()>$C14,NETWORKDAYS($C14,TODAY()-1)*$I14,0),0) ) -> 0 | Q14: =IF($A14="","", IF($C14>Q$3+6,0,IF($D14>=Q$3,$I14*5,0) -IF($D14>=Q$3,IF(R$3>$D14,NETWORKDAYS($D14,R$3)-2,0)*$I14,0) -IF(AND($C14>=Q$3,$C14<R$3),($C14-Q$3)*$I14,0)) -IF(AND(TODAY()>=Q$3,TODAY()<R$3),IF(TODAY()>$C14,NETWORKDAYS($C14,TODAY()-1)*$I14,0),0) ) -> 0 | ... U14: =IF($A14="","", IF($C14>U$3+6,0,IF($D14>=U$3,$I14*5,0) -IF($D14>=U$3,IF(V$3>$D14,NETWORKDAYS($D14,V$3)-2,0)*$I14,0) -IF(AND($C14>=U$3,$C14<V$3),($C14-U$3)*$I14,0)) -IF(AND(TODAY()>=U$3,TODAY()<V$3),IF(TODAY()>$C14,NETWORKDAYS($C14,TODAY()-1)*$I14,0),0) ) -> 0 | W14: =SUM(J14:U14) -> -109 | X14: =W14=F14 -> FALSE
A15: Camila González | B15: Reclutamiento y selección | C15: 45862 | D15: 45869 | E15: 6 | F15: =IF(E15="","",E15-IF(TODAY()<C15,0,(TODAY()-C15)*I15)) -> -300 | G15: =IF(E15="","",NETWORKDAYS(TODAY(),D15)+1) -> -213 | H15: =IF(E15="","",G15/5) -> -42.6 | I15: =IF(E15="","",E15/((NETWORKDAYS(C15,D15)))) -> 1 | J15: =IF($A15="","", IF($C15>J$3+6,0,IF($D15>=J$3,$I15*5,0) -IF($D15>=J$3,IF(K$3>$D15,NETWORKDAYS($D15,K$3)-2,0)*$I15,0) -IF(AND($C15>=J$3,$C15<K$3),($C15-J$3)*$I15,0)) -IF(AND(TODAY()>=J$3,TODAY()<K$3),IF(TODAY()>$C15,NETWORKDAYS($C15,TODAY()-1)*$I15,0),0) ) -> -218 | K15: =IF($A15="","", IF($C15>K$3+6,0,IF($D15>=K$3,$I15*5,0) -IF($D15>=K$3,IF(L$3>$D15,NETWORKDAYS($D15,L$3)-2,0)*$I15,0) -IF(AND($C15>=K$3,$C15<L$3),($C15-K$3)*$I15,0)) -IF(AND(TODAY()>=K$3,TODAY()<L$3),IF(TODAY()>$C15,NETWORKDAYS($C15,TODAY()-1)*$I15,0),0) ) -> 0 | L15: =IF($A15="","", IF($C15>L$3+6,0,IF($D15>=L$3,$I15*5,0) -IF($D15>=L$3,IF(M$3>$D15,NETWORKDAYS($D15,M$3)-2,0)*$I15,0) -IF(AND($C15>=L$3,$C15<M$3),($C15-L$3)*$I15,0)) -IF(AND(TODAY()>=L$3,TODAY()<M$3),IF(TODAY()>$C15,NETWORKDAYS($C15,TODAY()-1)*$I15,0),0) ) -> 0 | M15: =IF($A15="","", IF($C15>M$3+6,0,IF($D15>=M$3,$I15*5,0) -IF($D15>=M$3,IF(N$3>$D15,NETWORKDAYS($D15,N$3)-2,0)*$I15,0) -IF(AND($C15>=M$3,$C15<N$3),($C15-M$3)*$I15,0)) -IF(AND(TODAY()>=M$3,TODAY()<N$3),IF(TODAY()>$C15,NETWORKDAYS($C15,TODAY()-1)*$I15,0),0) ) -> 0 | N15: =IF($A15="","", IF($C15>N$3+6,0,IF($D15>=N$3,$I15*5,0) -IF($D15>=N$3,IF(O$3>$D15,NETWORKDAYS($D15,O$3)-2,0)*$I15,0) -IF(AND($C15>=N$3,$C15<O$3),($C15-N$3)*$I15,0)) -IF(AND(TODAY()>=N$3,TODAY()<O$3),IF(TODAY()>$C15,NETWORKDAYS($C15,TODAY()-1)*$I15,0),0) ) -> 0 | O15: =IF($A15="","", IF($C15>O$3+6,0,IF($D15>=O$3,$I15*5,0) -IF($D15>=O$3,IF(P$3>$D15,NETWORKDAYS($D15,P$3)-2,0)*$I15,0) -IF(AND($C15>=O$3,$C15<P$3),($C15-O$3)*$I15,0)) -IF(AND(TODAY()>=O$3,TODAY()<P$3),IF(TODAY()>$C15,NETWORKDAYS($C15,TODAY()-1)*$I15,0),0) ) -> 0 | P15: =IF($A15="","", IF($C15>P$3+6,0,IF($D15>=P$3,$I15*5,0) -IF($D15>=P$3,IF(Q$3>$D15,NETWORKDAYS($D15,Q$3)-2,0)*$I15,0) -IF(AND($C15>=P$3,$C15<Q$3),($C15-P$3)*$I15,0)) -IF(AND(TODAY()>=P$3,TODAY()<Q$3),IF(TODAY()>$C15,NETWORKDAYS($C15,TODAY()-1)*$I15,0),0) ) -> 0 | Q15: =IF($A15="","", IF($C15>Q$3+6,0,IF($D15>=Q$3,$I15*5,0) -IF($D15>=Q$3,IF(R$3>$D15,NETWORKDAYS($D15,R$3)-2,0)*$I15,0) -IF(AND($C15>=Q$3,$C15<R$3),($C15-Q$3)*$I15,0)) -IF(AND(TODAY()>=Q$3,TODAY()<R$3),IF(TODAY()>$C15,NETWORKDAYS($C15,TODAY()-1)*$I15,0),0) ) -> 0 | ... U15: =IF($A15="","", IF($C15>U$3+6,0,IF($D15>=U$3,$I15*5,0) -IF($D15>=U$3,IF(V$3>$D15,NETWORKDAYS($D15,V$3)-2,0)*$I15,0) -IF(AND($C15>=U$3,$C15<V$3),($C15-U$3)*$I15,0)) -IF(AND(TODAY()>=U$3,TODAY()<V$3),IF(TODAY()>$C15,NETWORKDAYS($C15,TODAY()-1)*$I15,0),0) ) -> 0 | W15: =SUM(J15:U15) -> -218 | X15: =W15=F15 -> FALSE
A16: Daniela Rojas | B16: Reclutamiento y selección | C16: 45841 | D16: 45847 | E16: 6 | F16: =IF(E16="","",E16-IF(TODAY()<C16,0,(TODAY()-C16)*I16)) -> -386.4 | G16: =IF(E16="","",NETWORKDAYS(TODAY(),D16)+1) -> -229 | H16: =IF(E16="","",G16/5) -> -45.8 | I16: =IF(E16="","",E16/((NETWORKDAYS(C16,D16)))) -> 1.2 | J16: =IF($A16="","", IF($C16>J$3+6,0,IF($D16>=J$3,$I16*5,0) -IF($D16>=J$3,IF(K$3>$D16,NETWORKDAYS($D16,K$3)-2,0)*$I16,0) -IF(AND($C16>=J$3,$C16<K$3),($C16-J$3)*$I16,0)) -IF(AND(TODAY()>=J$3,TODAY()<K$3),IF(TODAY()>$C16,NETWORKDAYS($C16,TODAY()-1)*$I16,0),0) ) -> -279.6 | K16: =IF($A16="","", IF($C16>K$3+6,0,IF($D16>=K$3,$I16*5,0) -IF($D16>=K$3,IF(L$3>$D16,NETWORKDAYS($D16,L$3)-2,0)*$I16,0) -IF(AND($C16>=K$3,$C16<L$3),($C16-K$3)*$I16,0)) -IF(AND(TODAY()>=K$3,TODAY()<L$3),IF(TODAY()>$C16,NETWORKDAYS($C16,TODAY()-1)*$I16,0),0) ) -> 0 | L16: =IF($A16="","", IF($C16>L$3+6,0,IF($D16>=L$3,$I16*5,0) -IF($D16>=L$3,IF(M$3>$D16,NETWORKDAYS($D16,M$3)-2,0)*$I16,0) -IF(AND($C16>=L$3,$C16<M$3),($C16-L$3)*$I16,0)) -IF(AND(TODAY()>=L$3,TODAY()<M$3),IF(TODAY()>$C16,NETWORKDAYS($C16,TODAY()-1)*$I16,0),0) ) -> 0 | M16: =IF($A16="","", IF($C16>M$3+6,0,IF($D16>=M$3,$I16*5,0) -IF($D16>=M$3,IF(N$3>$D16,NETWORKDAYS($D16,N$3)-2,0)*$I16,0) -IF(AND($C16>=M$3,$C16<N$3),($C16-M$3)*$I16,0)) -IF(AND(TODAY()>=M$3,TODAY()<N$3),IF(TODAY()>$C16,NETWORKDAYS($C16,TODAY()-1)*$I16,0),0) ) -> 0 | N16: =IF($A16="","", IF($C16>N$3+6,0,IF($D16>=N$3,$I16*5,0) -IF($D16>=N$3,IF(O$3>$D16,NETWORKDAYS($D16,O$3)-2,0)*$I16,0) -IF(AND($C16>=N$3,$C16<O$3),($C16-N$3)*$I16,0)) -IF(AND(TODAY()>=N$3,TODAY()<O$3),IF(TODAY()>$C16,NETWORKDAYS($C16,TODAY()-1)*$I16,0),0) ) -> 0 | O16: =IF($A16="","", IF($C16>O$3+6,0,IF($D16>=O$3,$I16*5,0) -IF($D16>=O$3,IF(P$3>$D16,NETWORKDAYS($D16,P$3)-2,0)*$I16,0) -IF(AND($C16>=O$3,$C16<P$3),($C16-O$3)*$I16,0)) -IF(AND(TODAY()>=O$3,TODAY()<P$3),IF(TODAY()>$C16,NETWORKDAYS($C16,TODAY()-1)*$I16,0),0) ) -> 0 | P16: =IF($A16="","", IF($C16>P$3+6,0,IF($D16>=P$3,$I16*5,0) -IF($D16>=P$3,IF(Q$3>$D16,NETWORKDAYS($D16,Q$3)-2,0)*$I16,0) -IF(AND($C16>=P$3,$C16<Q$3),($C16-P$3)*$I16,0)) -IF(AND(TODAY()>=P$3,TODAY()<Q$3),IF(TODAY()>$C16,NETWORKDAYS($C16,TODAY()-1)*$I16,0),0) ) -> 0 | Q16: =IF($A16="","", IF($C16>Q$3+6,0,IF($D16>=Q$3,$I16*5,0) -IF($D16>=Q$3,IF(R$3>$D16,NETWORKDAYS($D16,R$3)-2,0)*$I16,0) -IF(AND($C16>=Q$3,$C16<R$3),($C16-Q$3)*$I16,0)) -IF(AND(TODAY()>=Q$3,TODAY()<R$3),IF(TODAY()>$C16,NETWORKDAYS($C16,TODAY()-1)*$I16,0),0) ) -> 0 | ... U16: =IF($A16="","", IF($C16>U$3+6,0,IF($D16>=U$3,$I16*5,0) -IF($D16>=U$3,IF(V$3>$D16,NETWORKDAYS($D16,V$3)-2,0)*$I16,0) -IF(AND($C16>=U$3,$C16<V$3),($C16-U$3)*$I16,0)) -IF(AND(TODAY()>=U$3,TODAY()<V$3),IF(TODAY()>$C16,NETWORKDAYS($C16,TODAY()-1)*$I16,0),0) ) -> 0 | W16: =SUM(J16:U16) -> -279.6 | X16: =W16=F16 -> FALSE
A17: Daniela Rojas | B17: Gestión de conflictos y relaciones laborales | C17: 45841 | D17: 45852 | E17: 4 | F17: =IF(E17="","",E17-IF(TODAY()<C17,0,(TODAY()-C17)*I17)) -> -159.5 | G17: =IF(E17="","",NETWORKDAYS(TODAY(),D17)+1) -> -226 | H17: =IF(E17="","",G17/5) -> -45.2 | I17: =IF(E17="","",E17/((NETWORKDAYS(C17,D17)))) -> 0.5 | J17: =IF($A17="","", IF($C17>J$3+6,0,IF($D17>=J$3,$I17*5,0) -IF($D17>=J$3,IF(K$3>$D17,NETWORKDAYS($D17,K$3)-2,0)*$I17,0) -IF(AND($C17>=J$3,$C17<K$3),($C17-J$3)*$I17,0)) -IF(AND(TODAY()>=J$3,TODAY()<K$3),IF(TODAY()>$C17,NETWORKDAYS($C17,TODAY()-1)*$I17,0),0) ) -> -116.5 | K17: =IF($A17="","", IF($C17>K$3+6,0,IF($D17>=K$3,$I17*5,0) -IF($D17>=K$3,IF(L$3>$D17,NETWORKDAYS($D17,L$3)-2,0)*$I17,0) -IF(AND($C17>=K$3,$C17<L$3),($C17-K$3)*$I17,0)) -IF(AND(TODAY()>=K$3,TODAY()<L$3),IF(TODAY()>$C17,NETWORKDAYS($C17,TODAY()-1)*$I17,0),0) ) -> 0 | L17: =IF($A17="","", IF($C17>L$3+6,0,IF($D17>=L$3,$I17*5,0) -IF($D17>=L$3,IF(M$3>$D17,NETWORKDAYS($D17,M$3)-2,0)*$I17,0) -IF(AND($C17>=L$3,$C17<M$3),($C17-L$3)*$I17,0)) -IF(AND(TODAY()>=L$3,TODAY()<M$3),IF(TODAY()>$C17,NETWORKDAYS($C17,TODAY()-1)*$I17,0),0) ) -> 0 | M17: =IF($A17="","", IF($C17>M$3+6,0,IF($D17>=M$3,$I17*5,0) -IF($D17>=M$3,IF(N$3>$D17,NETWORKDAYS($D17,N$3)-2,0)*$I17,0) -IF(AND($C17>=M$3,$C17<N$3),($C17-M$3)*$I17,0)) -IF(AND(TODAY()>=M$3,TODAY()<N$3),IF(TODAY()>$C17,NETWORKDAYS($C17,TODAY()-1)*$I17,0),0) ) -> 0 | N17: =IF($A17="","", IF($C17>N$3+6,0,IF($D17>=N$3,$I17*5,0) -IF($D17>=N$3,IF(O$3>$D17,NETWORKDAYS($D17,O$3)-2,0)*$I17,0) -IF(AND($C17>=N$3,$C17<O$3),($C17-N$3)*$I17,0)) -IF(AND(TODAY()>=N$3,TODAY()<O$3),IF(TODAY()>$C17,NETWORKDAYS($C17,TODAY()-1)*$I17,0),0) ) -> 0 | O17: =IF($A17="","", IF($C17>O$3+6,0,IF($D17>=O$3,$I17*5,0) -IF($D17>=O$3,IF(P$3>$D17,NETWORKDAYS($D17,P$3)-2,0)*$I17,0) -IF(AND($C17>=O$3,$C17<P$3),($C17-O$3)*$I17,0)) -IF(AND(TODAY()>=O$3,TODAY()<P$3),IF(TODAY()>$C17,NETWORKDAYS($C17,TODAY()-1)*$I17,0),0) ) -> 0 | P17: =IF($A17="","", IF($C17>P$3+6,0,IF($D17>=P$3,$I17*5,0) -IF($D17>=P$3,IF(Q$3>$D17,NETWORKDAYS($D17,Q$3)-2,0)*$I17,0) -IF(AND($C17>=P$3,$C17<Q$3),($C17-P$3)*$I17,0)) -IF(AND(TODAY()>=P$3,TODAY()<Q$3),IF(TODAY()>$C17,NETWORKDAYS($C17,TODAY()-1)*$I17,0),0) ) -> 0 | Q17: =IF($A17="","", IF($C17>Q$3+6,0,IF($D17>=Q$3,$I17*5,0) -IF($D17>=Q$3,IF(R$3>$D17,NETWORKDAYS($D17,R$3)-2,0)*$I17,0) -IF(AND($C17>=Q$3,$C17<R$3),($C17-Q$3)*$I17,0)) -IF(AND(TODAY()>=Q$3,TODAY()<R$3),IF(TODAY()>$C17,NETWORKDAYS($C17,TODAY()-1)*$I17,0),0) ) -> 0 | ... U17: =IF($A17="","", IF($C17>U$3+6,0,IF($D17>=U$3,$I17*5,0) -IF($D17>=U$3,IF(V$3>$D17,NETWORKDAYS($D17,V$3)-2,0)*$I17,0) -IF(AND($C17>=U$3,$C17<V$3),($C17-U$3)*$I17,0)) -IF(AND(TODAY()>=U$3,TODAY()<V$3),IF(TODAY()>$C17,NETWORKDAYS($C17,TODAY()-1)*$I17,0),0) ) -> 0 | W17: =SUM(J17:U17) -> -116.5 | X17: =W17=F17 -> FALSE
... A86: Vicente Castro | B86: Evaluación del desempeño | C86: 45848 | D86: 45855 | E86: 10 | F86: =IF(E86="","",E86-IF(TODAY()<C86,0,(TODAY()-C86)*I86)) -> -523.33333 | G86: =IF(E86="","",NETWORKDAYS(TODAY(),D86)+1) -> -223 | H86: =IF(E86="","",G86/5) -> -44.6 | I86: =IF(E86="","",E86/((NETWORKDAYS(C86,D86)))) -> 1.6666667 | J86: =IF($A86="","", IF($C86>J$3+6,0,IF($D86>=J$3,$I86*5,0) -IF($D86>=J$3,IF(K$3>$D86,NETWORKDAYS($D86,K$3)-2,0)*$I86,0) -IF(AND($C86>=J$3,$C86<K$3),($C86-J$3)*$I86,0)) -IF(AND(TODAY()>=J$3,TODAY()<K$3),IF(TODAY()>$C86,NETWORKDAYS($C86,TODAY()-1)*$I86,0),0) ) -> -380 | K86: =IF($A86="","", IF($C86>K$3+6,0,IF($D86>=K$3,$I86*5,0) -IF($D86>=K$3,IF(L$3>$D86,NETWORKDAYS($D86,L$3)-2,0)*$I86,0) -IF(AND($C86>=K$3,$C86<L$3),($C86-K$3)*$I86,0)) -IF(AND(TODAY()>=K$3,TODAY()<L$3),IF(TODAY()>$C86,NETWORKDAYS($C86,TODAY()-1)*$I86,0),0) ) -> 0 | L86: =IF($A86="","", IF($C86>L$3+6,0,IF($D86>=L$3,$I86*5,0) -IF($D86>=L$3,IF(M$3>$D86,NETWORKDAYS($D86,M$3)-2,0)*$I86,0) -IF(AND($C86>=L$3,$C86<M$3),($C86-L$3)*$I86,0)) -IF(AND(TODAY()>=L$3,TODAY()<M$3),IF(TODAY()>$C86,NETWORKDAYS($C86,TODAY()-1)*$I86,0),0) ) -> 0 | M86: =IF($A86="","", IF($C86>M$3+6,0,IF($D86>=M$3,$I86*5,0) -IF($D86>=M$3,IF(N$3>$D86,NETWORKDAYS($D86,N$3)-2,0)*$I86,0) -IF(AND($C86>=M$3,$C86<N$3),($C86-M$3)*$I86,0)) -IF(AND(TODAY()>=M$3,TODAY()<N$3),IF(TODAY()>$C86,NETWORKDAYS($C86,TODAY()-1)*$I86,0),0) ) -> 0 | N86: =IF($A86="","", IF($C86>N$3+6,0,IF($D86>=N$3,$I86*5,0) -IF($D86>=N$3,IF(O$3>$D86,NETWORKDAYS($D86,O$3)-2,0)*$I86,0) -IF(AND($C86>=N$3,$C86<O$3),($C86-N$3)*$I86,0)) -IF(AND(TODAY()>=N$3,TODAY()<O$3),IF(TODAY()>$C86,NETWORKDAYS($C86,TODAY()-1)*$I86,0),0) ) -> 0 | O86: =IF($A86="","", IF($C86>O$3+6,0,IF($D86>=O$3,$I86*5,0) -IF($D86>=O$3,IF(P$3>$D86,NETWORKDAYS($D86,P$3)-2,0)*$I86,0) -IF(AND($C86>=O$3,$C86<P$3),($C86-O$3)*$I86,0)) -IF(AND(TODAY()>=O$3,TODAY()<P$3),IF(TODAY()>$C86,NETWORKDAYS($C86,TODAY()-1)*$I86,0),0) ) -> 0 | P86: =IF($A86="","", IF($C86>P$3+6,0,IF($D86>=P$3,$I86*5,0) -IF($D86>=P$3,IF(Q$3>$D86,NETWORKDAYS($D86,Q$3)-2,0)*$I86,0) -IF(AND($C86>=P$3,$C86<Q$3),($C86-P$3)*$I86,0)) -IF(AND(TODAY()>=P$3,TODAY()<Q$3),IF(TODAY()>$C86,NETWORKDAYS($C86,TODAY()-1)*$I86,0),0) ) -> 0 | Q86: =IF($A86="","", IF($C86>Q$3+6,0,IF($D86>=Q$3,$I86*5,0) -IF($D86>=Q$3,IF(R$3>$D86,NETWORKDAYS($D86,R$3)-2,0)*$I86,0) -IF(AND($C86>=Q$3,$C86<R$3),($C86-Q$3)*$I86,0)) -IF(AND(TODAY()>=Q$3,TODAY()<R$3),IF(TODAY()>$C86,NETWORKDAYS($C86,TODAY()-1)*$I86,0),0) ) -> 0 | ... U86: =IF($A86="","", IF($C86>U$3+6,0,IF($D86>=U$3,$I86*5,0) -IF($D86>=U$3,IF(V$3>$D86,NETWORKDAYS($D86,V$3)-2,0)*$I86,0) -IF(AND($C86>=U$3,$C86<V$3),($C86-U$3)*$I86,0)) -IF(AND(TODAY()>=U$3,TODAY()<V$3),IF(TODAY()>$C86,NETWORKDAYS($C86,TODAY()-1)*$I86,0),0) ) -> 0 | W86: =SUM(J86:U86) -> -380 | X86: =W86=F86 -> FALSE
A87: Vicente Castro | B87: Administración de personal | C87: 45862 | D87: 45869 | E87: 3 | F87: =IF(E87="","",E87-IF(TODAY()<C87,0,(TODAY()-C87)*I87)) -> -150 | G87: =IF(E87="","",NETWORKDAYS(TODAY(),D87)+1) -> -213 | H87: =IF(E87="","",G87/5) -> -42.6 | I87: =IF(E87="","",E87/((NETWORKDAYS(C87,D87)))) -> 0.5 | J87: =IF($A87="","", IF($C87>J$3+6,0,IF($D87>=J$3,$I87*5,0) -IF($D87>=J$3,IF(K$3>$D87,NETWORKDAYS($D87,K$3)-2,0)*$I87,0) -IF(AND($C87>=J$3,$C87<K$3),($C87-J$3)*$I87,0)) -IF(AND(TODAY()>=J$3,TODAY()<K$3),IF(TODAY()>$C87,NETWORKDAYS($C87,TODAY()-1)*$I87,0),0) ) -> -109 | K87: =IF($A87="","", IF($C87>K$3+6,0,IF($D87>=K$3,$I87*5,0) -IF($D87>=K$3,IF(L$3>$D87,NETWORKDAYS($D87,L$3)-2,0)*$I87,0) -IF(AND($C87>=K$3,$C87<L$3),($C87-K$3)*$I87,0)) -IF(AND(TODAY()>=K$3,TODAY()<L$3),IF(TODAY()>$C87,NETWORKDAYS($C87,TODAY()-1)*$I87,0),0) ) -> 0 | L87: =IF($A87="","", IF($C87>L$3+6,0,IF($D87>=L$3,$I87*5,0) -IF($D87>=L$3,IF(M$3>$D87,NETWORKDAYS($D87,M$3)-2,0)*$I87,0) -IF(AND($C87>=L$3,$C87<M$3),($C87-L$3)*$I87,0)) -IF(AND(TODAY()>=L$3,TODAY()<M$3),IF(TODAY()>$C87,NETWORKDAYS($C87,TODAY()-1)*$I87,0),0) ) -> 0 | M87: =IF($A87="","", IF($C87>M$3+6,0,IF($D87>=M$3,$I87*5,0) -IF($D87>=M$3,IF(N$3>$D87,NETWORKDAYS($D87,N$3)-2,0)*$I87,0) -IF(AND($C87>=M$3,$C87<N$3),($C87-M$3)*$I87,0)) -IF(AND(TODAY()>=M$3,TODAY()<N$3),IF(TODAY()>$C87,NETWORKDAYS($C87,TODAY()-1)*$I87,0),0) ) -> 0 | N87: =IF($A87="","", IF($C87>N$3+6,0,IF($D87>=N$3,$I87*5,0) -IF($D87>=N$3,IF(O$3>$D87,NETWORKDAYS($D87,O$3)-2,0)*$I87,0) -IF(AND($C87>=N$3,$C87<O$3),($C87-N$3)*$I87,0)) -IF(AND(TODAY()>=N$3,TODAY()<O$3),IF(TODAY()>$C87,NETWORKDAYS($C87,TODAY()-1)*$I87,0),0) ) -> 0 | O87: =IF($A87="","", IF($C87>O$3+6,0,IF($D87>=O$3,$I87*5,0) -IF($D87>=O$3,IF(P$3>$D87,NETWORKDAYS($D87,P$3)-2,0)*$I87,0) -IF(AND($C87>=O$3,$C87<P$3),($C87-O$3)*$I87,0)) -IF(AND(TODAY()>=O$3,TODAY()<P$3),IF(TODAY()>$C87,NETWORKDAYS($C87,TODAY()-1)*$I87,0),0) ) -> 0 | P87: =IF($A87="","", IF($C87>P$3+6,0,IF($D87>=P$3,$I87*5,0) -IF($D87>=P$3,IF(Q$3>$D87,NETWORKDAYS($D87,Q$3)-2,0)*$I87,0) -IF(AND($C87>=P$3,$C87<Q$3),($C87-P$3)*$I87,0)) -IF(AND(TODAY()>=P$3,TODAY()<Q$3),IF(TODAY()>$C87,NETWORKDAYS($C87,TODAY()-1)*$I87,0),0) ) -> 0 | Q87: =IF($A87="","", IF($C87>Q$3+6,0,IF($D87>=Q$3,$I87*5,0) -IF($D87>=Q$3,IF(R$3>$D87,NETWORKDAYS($D87,R$3)-2,0)*$I87,0) -IF(AND($C87>=Q$3,$C87<R$3),($C87-Q$3)*$I87,0)) -IF(AND(TODAY()>=Q$3,TODAY()<R$3),IF(TODAY()>$C87,NETWORKDAYS($C87,TODAY()-1)*$I87,0),0) ) -> 0 | ... U87: =IF($A87="","", IF($C87>U$3+6,0,IF($D87>=U$3,$I87*5,0) -IF($D87>=U$3,IF(V$3>$D87,NETWORKDAYS($D87,V$3)-2,0)*$I87,0) -IF(AND($C87>=U$3,$C87<V$3),($C87-U$3)*$I87,0)) -IF(AND(TODAY()>=U$3,TODAY()<V$3),IF(TODAY()>$C87,NETWORKDAYS($C87,TODAY()-1)*$I87,0),0) ) -> 0
F88: =IF(E88="","",E88-IF(TODAY()<C88,0,(TODAY()-C88)*I88)) | G88: =IF(E88="","",NETWORKDAYS(TODAY(),D88)+1) | H88: =IF(E88="","",G88/5) | I88: =IF(E88="","",E88/((NETWORKDAYS(C88,D88)))) | J88: =IF($A88="","", IF($C88>J$3+6,0,IF($D88>=J$3,$I88*5,0) -IF($D88>=J$3,IF(K$3>$D88,NETWORKDAYS($D88,K$3)-2,0)*$I88,0) -IF(AND($C88>=J$3,$C88<K$3),($C88-J$3)*$I88,0)) -IF(AND(TODAY()>=J$3,TODAY()<K$3),IF(TODAY()>$C88,NETWORKDAYS($C88,TODAY()-1)*$I88,0),0) ) | K88: =IF($A88="","", IF($C88>K$3+6,0,IF($D88>=K$3,$I88*5,0) -IF($D88>=K$3,IF(L$3>$D88,NETWORKDAYS($D88,L$3)-2,0)*$I88,0) -IF(AND($C88>=K$3,$C88<L$3),($C88-K$3)*$I88,0)) -IF(AND(TODAY()>=K$3,TODAY()<L$3),IF(TODAY()>$C88,NETWORKDAYS($C88,TODAY()-1)*$I88,0),0) ) | L88: =IF($A88="","", IF($C88>L$3+6,0,IF($D88>=L$3,$I88*5,0) -IF($D88>=L$3,IF(M$3>$D88,NETWORKDAYS($D88,M$3)-2,0)*$I88,0) -IF(AND($C88>=L$3,$C88<M$3),($C88-L$3)*$I88,0)) -IF(AND(TODAY()>=L$3,TODAY()<M$3),IF(TODAY()>$C88,NETWORKDAYS($C88,TODAY()-1)*$I88,0),0) ) | M88: =IF($A88="","", IF($C88>M$3+6,0,IF($D88>=M$3,$I88*5,0) -IF($D88>=M$3,IF(N$3>$D88,NETWORKDAYS($D88,N$3)-2,0)*$I88,0) -IF(AND($C88>=M$3,$C88<N$3),($C88-M$3)*$I88,0)) -IF(AND(TODAY()>=M$3,TODAY()<N$3),IF(TODAY()>$C88,NETWORKDAYS($C88,TODAY()-1)*$I88,0),0) ) | N88: =IF($A88="","", IF($C88>N$3+6,0,IF($D88>=N$3,$I88*5,0) -IF($D88>=N$3,IF(O$3>$D88,NETWORKDAYS($D88,O$3)-2,0)*$I88,0) -IF(AND($C88>=N$3,$C88<O$3),($C88-N$3)*$I88,0)) -IF(AND(TODAY()>=N$3,TODAY()<O$3),IF(TODAY()>$C88,NETWORKDAYS($C88,TODAY()-1)*$I88,0),0) ) | O88: =IF($A88="","", IF($C88>O$3+6,0,IF($D88>=O$3,$I88*5,0) -IF($D88>=O$3,IF(P$3>$D88,NETWORKDAYS($D88,P$3)-2,0)*$I88,0) -IF(AND($C88>=O$3,$C88<P$3),($C88-O$3)*$I88,0)) -IF(AND(TODAY()>=O$3,TODAY()<P$3),IF(TODAY()>$C88,NETWORKDAYS($C88,TODAY()-1)*$I88,0),0) ) | P88: =IF($A88="","", IF($C88>P$3+6,0,IF($D88>=P$3,$I88*5,0) -IF($D88>=P$3,IF(Q$3>$D88,NETWORKDAYS($D88,Q$3)-2,0)*$I88,0) -IF(AND($C88>=P$3,$C88<Q$3),($C88-P$3)*$I88,0)) -IF(AND(TODAY()>=P$3,TODAY()<Q$3),IF(TODAY()>$C88,NETWORKDAYS($C88,TODAY()-1)*$I88,0),0) ) | Q88: =IF($A88="","", IF($C88>Q$3+6,0,IF($D88>=Q$3,$I88*5,0) -IF($D88>=Q$3,IF(R$3>$D88,NETWORKDAYS($D88,R$3)-2,0)*$I88,0) -IF(AND($C88>=Q$3,$C88<R$3),($C88-Q$3)*$I88,0)) -IF(AND(TODAY()>=Q$3,TODAY()<R$3),IF(TODAY()>$C88,NETWORKDAYS($C88,TODAY()-1)*$I88,0),0) ) | ... U88: =IF($A88="","", IF($C88>U$3+6,0,IF($D88>=U$3,$I88*5,0) -IF($D88>=U$3,IF(V$3>$D88,NETWORKDAYS($D88,V$3)-2,0)*$I88,0) -IF(AND($C88>=U$3,$C88<V$3),($C88-U$3)*$I88,0)) -IF(AND(TODAY()>=U$3,TODAY()<V$3),IF(TODAY()>$C88,NETWORKDAYS($C88,TODAY()-1)*$I88,0),0) )
F89: =IF(E89="","",E89-IF(TODAY()<C89,0,(TODAY()-C89)*I89)) | G89: =IF(E89="","",NETWORKDAYS(TODAY(),D89)+1) | H89: =IF(E89="","",G89/5) | I89: =IF(E89="","",E89/((NETWORKDAYS(C89,D89)))) | J89: =IF($A89="","", IF($C89>J$3+6,0,IF($D89>=J$3,$I89*5,0) -IF($D89>=J$3,IF(K$3>$D89,NETWORKDAYS($D89,K$3)-2,0)*$I89,0) -IF(AND($C89>=J$3,$C89<K$3),($C89-J$3)*$I89,0)) -IF(AND(TODAY()>=J$3,TODAY()<K$3),IF(TODAY()>$C89,NETWORKDAYS($C89,TODAY()-1)*$I89,0),0) ) | K89: =IF($A89="","", IF($C89>K$3+6,0,IF($D89>=K$3,$I89*5,0) -IF($D89>=K$3,IF(L$3>$D89,NETWORKDAYS($D89,L$3)-2,0)*$I89,0) -IF(AND($C89>=K$3,$C89<L$3),($C89-K$3)*$I89,0)) -IF(AND(TODAY()>=K$3,TODAY()<L$3),IF(TODAY()>$C89,NETWORKDAYS($C89,TODAY()-1)*$I89,0),0) ) | L89: =IF($A89="","", IF($C89>L$3+6,0,IF($D89>=L$3,$I89*5,0) -IF($D89>=L$3,IF(M$3>$D89,NETWORKDAYS($D89,M$3)-2,0)*$I89,0) -IF(AND($C89>=L$3,$C89<M$3),($C89-L$3)*$I89,0)) -IF(AND(TODAY()>=L$3,TODAY()<M$3),IF(TODAY()>$C89,NETWORKDAYS($C89,TODAY()-1)*$I89,0),0) ) | M89: =IF($A89="","", IF($C89>M$3+6,0,IF($D89>=M$3,$I89*5,0) -IF($D89>=M$3,IF(N$3>$D89,NETWORKDAYS($D89,N$3)-2,0)*$I89,0) -IF(AND($C89>=M$3,$C89<N$3),($C89-M$3)*$I89,0)) -IF(AND(TODAY()>=M$3,TODAY()<N$3),IF(TODAY()>$C89,NETWORKDAYS($C89,TODAY()-1)*$I89,0),0) ) | N89: =IF($A89="","", IF($C89>N$3+6,0,IF($D89>=N$3,$I89*5,0) -IF($D89>=N$3,IF(O$3>$D89,NETWORKDAYS($D89,O$3)-2,0)*$I89,0) -IF(AND($C89>=N$3,$C89<O$3),($C89-N$3)*$I89,0)) -IF(AND(TODAY()>=N$3,TODAY()<O$3),IF(TODAY()>$C89,NETWORKDAYS($C89,TODAY()-1)*$I89,0),0) ) | O89: =IF($A89="","", IF($C89>O$3+6,0,IF($D89>=O$3,$I89*5,0) -IF($D89>=O$3,IF(P$3>$D89,NETWORKDAYS($D89,P$3)-2,0)*$I89,0) -IF(AND($C89>=O$3,$C89<P$3),($C89-O$3)*$I89,0)) -IF(AND(TODAY()>=O$3,TODAY()<P$3),IF(TODAY()>$C89,NETWORKDAYS($C89,TODAY()-1)*$I89,0),0) ) | P89: =IF($A89="","", IF($C89>P$3+6,0,IF($D89>=P$3,$I89*5,0) -IF($D89>=P$3,IF(Q$3>$D89,NETWORKDAYS($D89,Q$3)-2,0)*$I89,0) -IF(AND($C89>=P$3,$C89<Q$3),($C89-P$3)*$I89,0)) -IF(AND(TODAY()>=P$3,TODAY()<Q$3),IF(TODAY()>$C89,NETWORKDAYS($C89,TODAY()-1)*$I89,0),0) ) | Q89: =IF($A89="","", IF($C89>Q$3+6,0,IF($D89>=Q$3,$I89*5,0) -IF($D89>=Q$3,IF(R$3>$D89,NETWORKDAYS($D89,R$3)-2,0)*$I89,0) -IF(AND($C89>=Q$3,$C89<R$3),($C89-Q$3)*$I89,0)) -IF(AND(TODAY()>=Q$3,TODAY()<R$3),IF(TODAY()>$C89,NETWORKDAYS($C89,TODAY()-1)*$I89,0),0) ) | ... U89: =IF($A89="","", IF($C89>U$3+6,0,IF($D89>=U$3,$I89*5,0) -IF($D89>=U$3,IF(V$3>$D89,NETWORKDAYS($D89,V$3)-2,0)*$I89,0) -IF(AND($C89>=U$3,$C89<V$3),($C89-U$3)*$I89,0)) -IF(AND(TODAY()>=U$3,TODAY()<V$3),IF(TODAY()>$C89,NETWORKDAYS($C89,TODAY()-1)*$I89,0),0) )
F90: =IF(E90="","",E90-IF(TODAY()<C90,0,(TODAY()-C90)*I90)) | G90: =IF(E90="","",NETWORKDAYS(TODAY(),D90)+1) | H90: =IF(E90="","",G90/5) | I90: =IF(E90="","",E90/((NETWORKDAYS(C90,D90)))) | J90: =IF($A90="","", IF($C90>J$3+6,0,IF($D90>=J$3,$I90*5,0) -IF($D90>=J$3,IF(K$3>$D90,NETWORKDAYS($D90,K$3)-2,0)*$I90,0) -IF(AND($C90>=J$3,$C90<K$3),($C90-J$3)*$I90,0)) -IF(AND(TODAY()>=J$3,TODAY()<K$3),IF(TODAY()>$C90,NETWORKDAYS($C90,TODAY()-1)*$I90,0),0) ) | K90: =IF($A90="","", IF($C90>K$3+6,0,IF($D90>=K$3,$I90*5,0) -IF($D90>=K$3,IF(L$3>$D90,NETWORKDAYS($D90,L$3)-2,0)*$I90,0) -IF(AND($C90>=K$3,$C90<L$3),($C90-K$3)*$I90,0)) -IF(AND(TODAY()>=K$3,TODAY()<L$3),IF(TODAY()>$C90,NETWORKDAYS($C90,TODAY()-1)*$I90,0),0) ) | L90: =IF($A90="","", IF($C90>L$3+6,0,IF($D90>=L$3,$I90*5,0) -IF($D90>=L$3,IF(M$3>$D90,NETWORKDAYS($D90,M$3)-2,0)*$I90,0) -IF(AND($C90>=L$3,$C90<M$3),($C90-L$3)*$I90,0)) -IF(AND(TODAY()>=L$3,TODAY()<M$3),IF(TODAY()>$C90,NETWORKDAYS($C90,TODAY()-1)*$I90,0),0) ) | M90: =IF($A90="","", IF($C90>M$3+6,0,IF($D90>=M$3,$I90*5,0) -IF($D90>=M$3,IF(N$3>$D90,NETWORKDAYS($D90,N$3)-2,0)*$I90,0) -IF(AND($C90>=M$3,$C90<N$3),($C90-M$3)*$I90,0)) -IF(AND(TODAY()>=M$3,TODAY()<N$3),IF(TODAY()>$C90,NETWORKDAYS($C90,TODAY()-1)*$I90,0),0) ) | N90: =IF($A90="","", IF($C90>N$3+6,0,IF($D90>=N$3,$I90*5,0) -IF($D90>=N$3,IF(O$3>$D90,NETWORKDAYS($D90,O$3)-2,0)*$I90,0) -IF(AND($C90>=N$3,$C90<O$3),($C90-N$3)*$I90,0)) -IF(AND(TODAY()>=N$3,TODAY()<O$3),IF(TODAY()>$C90,NETWORKDAYS($C90,TODAY()-1)*$I90,0),0) ) | O90: =IF($A90="","", IF($C90>O$3+6,0,IF($D90>=O$3,$I90*5,0) -IF($D90>=O$3,IF(P$3>$D90,NETWORKDAYS($D90,P$3)-2,0)*$I90,0) -IF(AND($C90>=O$3,$C90<P$3),($C90-O$3)*$I90,0)) -IF(AND(TODAY()>=O$3,TODAY()<P$3),IF(TODAY()>$C90,NETWORKDAYS($C90,TODAY()-1)*$I90,0),0) ) | P90: =IF($A90="","", IF($C90>P$3+6,0,IF($D90>=P$3,$I90*5,0) -IF($D90>=P$3,IF(Q$3>$D90,NETWORKDAYS($D90,Q$3)-2,0)*$I90,0) -IF(AND($C90>=P$3,$C90<Q$3),($C90-P$3)*$I90,0)) -IF(AND(TODAY()>=P$3,TODAY()<Q$3),IF(TODAY()>$C90,NETWORKDAYS($C90,TODAY()-1)*$I90,0),0) ) | Q90: =IF($A90="","", IF($C90>Q$3+6,0,IF($D90>=Q$3,$I90*5,0) -IF($D90>=Q$3,IF(R$3>$D90,NETWORKDAYS($D90,R$3)-2,0)*$I90,0) -IF(AND($C90>=Q$3,$C90<R$3),($C90-Q$3)*$I90,0)) -IF(AND(TODAY()>=Q$3,TODAY()<R$3),IF(TODAY()>$C90,NETWORKDAYS($C90,TODAY()-1)*$I90,0),0) ) | ... U90: =IF($A90="","", IF($C90>U$3+6,0,IF($D90>=U$3,$I90*5,0) -IF($D90>=U$3,IF(V$3>$D90,NETWORKDAYS($D90,V$3)-2,0)*$I90,0) -IF(AND($C90>=U$3,$C90<V$3),($C90-U$3)*$I90,0)) -IF(AND(TODAY()>=U$3,TODAY()<V$3),IF(TODAY()>$C90,NETWORKDAYS($C90,TODAY()-1)*$I90,0),0) )
F91: =IF(E91="","",E91-IF(TODAY()<C91,0,(TODAY()-C91)*I91)) | G91: =IF(E91="","",NETWORKDAYS(TODAY(),D91)+1) | H91: =IF(E91="","",G91/5) | I91: =IF(E91="","",E91/((NETWORKDAYS(C91,D91)))) | J91: =IF($A91="","", IF($C91>J$3+6,0,IF($D91>=J$3,$I91*5,0) -IF($D91>=J$3,IF(K$3>$D91,NETWORKDAYS($D91,K$3)-2,0)*$I91,0) -IF(AND($C91>=J$3,$C91<K$3),($C91-J$3)*$I91,0)) -IF(AND(TODAY()>=J$3,TODAY()<K$3),IF(TODAY()>$C91,NETWORKDAYS($C91,TODAY()-1)*$I91,0),0) ) | K91: =IF($A91="","", IF($C91>K$3+6,0,IF($D91>=K$3,$I91*5,0) -IF($D91>=K$3,IF(L$3>$D91,NETWORKDAYS($D91,L$3)-2,0)*$I91,0) -IF(AND($C91>=K$3,$C91<L$3),($C91-K$3)*$I91,0)) -IF(AND(TODAY()>=K$3,TODAY()<L$3),IF(TODAY()>$C91,NETWORKDAYS($C91,TODAY()-1)*$I91,0),0) ) | L91: =IF($A91="","", IF($C91>L$3+6,0,IF($D91>=L$3,$I91*5,0) -IF($D91>=L$3,IF(M$3>$D91,NETWORKDAYS($D91,M$3)-2,0)*$I91,0) -IF(AND($C91>=L$3,$C91<M$3),($C91-L$3)*$I91,0)) -IF(AND(TODAY()>=L$3,TODAY()<M$3),IF(TODAY()>$C91,NETWORKDAYS($C91,TODAY()-1)*$I91,0),0) ) | M91: =IF($A91="","", IF($C91>M$3+6,0,IF($D91>=M$3,$I91*5,0) -IF($D91>=M$3,IF(N$3>$D91,NETWORKDAYS($D91,N$3)-2,0)*$I91,0) -IF(AND($C91>=M$3,$C91<N$3),($C91-M$3)*$I91,0)) -IF(AND(TODAY()>=M$3,TODAY()<N$3),IF(TODAY()>$C91,NETWORKDAYS($C91,TODAY()-1)*$I91,0),0) ) | N91: =IF($A91="","", IF($C91>N$3+6,0,IF($D91>=N$3,$I91*5,0) -IF($D91>=N$3,IF(O$3>$D91,NETWORKDAYS($D91,O$3)-2,0)*$I91,0) -IF(AND($C91>=N$3,$C91<O$3),($C91-N$3)*$I91,0)) -IF(AND(TODAY()>=N$3,TODAY()<O$3),IF(TODAY()>$C91,NETWORKDAYS($C91,TODAY()-1)*$I91,0),0) ) | O91: =IF($A91="","", IF($C91>O$3+6,0,IF($D91>=O$3,$I91*5,0) -IF($D91>=O$3,IF(P$3>$D91,NETWORKDAYS($D91,P$3)-2,0)*$I91,0) -IF(AND($C91>=O$3,$C91<P$3),($C91-O$3)*$I91,0)) -IF(AND(TODAY()>=O$3,TODAY()<P$3),IF(TODAY()>$C91,NETWORKDAYS($C91,TODAY()-1)*$I91,0),0) ) | P91: =IF($A91="","", IF($C91>P$3+6,0,IF($D91>=P$3,$I91*5,0) -IF($D91>=P$3,IF(Q$3>$D91,NETWORKDAYS($D91,Q$3)-2,0)*$I91,0) -IF(AND($C91>=P$3,$C91<Q$3),($C91-P$3)*$I91,0)) -IF(AND(TODAY()>=P$3,TODAY()<Q$3),IF(TODAY()>$C91,NETWORKDAYS($C91,TODAY()-1)*$I91,0),0) ) | Q91: =IF($A91="","", IF($C91>Q$3+6,0,IF($D91>=Q$3,$I91*5,0) -IF($D91>=Q$3,IF(R$3>$D91,NETWORKDAYS($D91,R$3)-2,0)*$I91,0) -IF(AND($C91>=Q$3,$C91<R$3),($C91-Q$3)*$I91,0)) -IF(AND(TODAY()>=Q$3,TODAY()<R$3),IF(TODAY()>$C91,NETWORKDAYS($C91,TODAY()-1)*$I91,0),0) ) | ... U91: =IF($A91="","", IF($C91>U$3+6,0,IF($D91>=U$3,$I91*5,0) -IF($D91>=U$3,IF(V$3>$D91,NETWORKDAYS($D91,V$3)-2,0)*$I91,0) -IF(AND($C91>=U$3,$C91<V$3),($C91-U$3)*$I91,0)) -IF(AND(TODAY()>=U$3,TODAY()<V$3),IF(TODAY()>$C91,NETWORKDAYS($C91,TODAY()-1)*$I91,0),0) )
F92: =IF(E92="","",E92-IF(TODAY()<C92,0,(TODAY()-C92)*I92)) | G92: =IF(E92="","",NETWORKDAYS(TODAY(),D92)+1) | H92: =IF(E92="","",G92/5) | I92: =IF(E92="","",E92/((NETWORKDAYS(C92,D92)))) | J92: =IF($A92="","", IF($C92>J$3+6,0,IF($D92>=J$3,$I92*5,0) -IF($D92>=J$3,IF(K$3>$D92,NETWORKDAYS($D92,K$3)-2,0)*$I92,0) -IF(AND($C92>=J$3,$C92<K$3),($C92-J$3)*$I92,0)) -IF(AND(TODAY()>=J$3,TODAY()<K$3),IF(TODAY()>$C92,NETWORKDAYS($C92,TODAY()-1)*$I92,0),0) ) | K92: =IF($A92="","", IF($C92>K$3+6,0,IF($D92>=K$3,$I92*5,0) -IF($D92>=K$3,IF(L$3>$D92,NETWORKDAYS($D92,L$3)-2,0)*$I92,0) -IF(AND($C92>=K$3,$C92<L$3),($C92-K$3)*$I92,0)) -IF(AND(TODAY()>=K$3,TODAY()<L$3),IF(TODAY()>$C92,NETWORKDAYS($C92,TODAY()-1)*$I92,0),0) ) | L92: =IF($A92="","", IF($C92>L$3+6,0,IF($D92>=L$3,$I92*5,0) -IF($D92>=L$3,IF(M$3>$D92,NETWORKDAYS($D92,M$3)-2,0)*$I92,0) -IF(AND($C92>=L$3,$C92<M$3),($C92-L$3)*$I92,0)) -IF(AND(TODAY()>=L$3,TODAY()<M$3),IF(TODAY()>$C92,NETWORKDAYS($C92,TODAY()-1)*$I92,0),0) ) | M92: =IF($A92="","", IF($C92>M$3+6,0,IF($D92>=M$3,$I92*5,0) -IF($D92>=M$3,IF(N$3>$D92,NETWORKDAYS($D92,N$3)-2,0)*$I92,0) -IF(AND($C92>=M$3,$C92<N$3),($C92-M$3)*$I92,0)) -IF(AND(TODAY()>=M$3,TODAY()<N$3),IF(TODAY()>$C92,NETWORKDAYS($C92,TODAY()-1)*$I92,0),0) ) | N92: =IF($A92="","", IF($C92>N$3+6,0,IF($D92>=N$3,$I92*5,0) -IF($D92>=N$3,IF(O$3>$D92,NETWORKDAYS($D92,O$3)-2,0)*$I92,0) -IF(AND($C92>=N$3,$C92<O$3),($C92-N$3)*$I92,0)) -IF(AND(TODAY()>=N$3,TODAY()<O$3),IF(TODAY()>$C92,NETWORKDAYS($C92,TODAY()-1)*$I92,0),0) ) | O92: =IF($A92="","", IF($C92>O$3+6,0,IF($D92>=O$3,$I92*5,0) -IF($D92>=O$3,IF(P$3>$D92,NETWORKDAYS($D92,P$3)-2,0)*$I92,0) -IF(AND($C92>=O$3,$C92<P$3),($C92-O$3)*$I92,0)) -IF(AND(TODAY()>=O$3,TODAY()<P$3),IF(TODAY()>$C92,NETWORKDAYS($C92,TODAY()-1)*$I92,0),0) ) | P92: =IF($A92="","", IF($C92>P$3+6,0,IF($D92>=P$3,$I92*5,0) -IF($D92>=P$3,IF(Q$3>$D92,NETWORKDAYS($D92,Q$3)-2,0)*$I92,0) -IF(AND($C92>=P$3,$C92<Q$3),($C92-P$3)*$I92,0)) -IF(AND(TODAY()>=P$3,TODAY()<Q$3),IF(TODAY()>$C92,NETWORKDAYS($C92,TODAY()-1)*$I92,0),0) ) | Q92: =IF($A92="","", IF($C92>Q$3+6,0,IF($D92>=Q$3,$I92*5,0) -IF($D92>=Q$3,IF(R$3>$D92,NETWORKDAYS($D92,R$3)-2,0)*$I92,0) -IF(AND($C92>=Q$3,$C92<R$3),($C92-Q$3)*$I92,0)) -IF(AND(TODAY()>=Q$3,TODAY()<R$3),IF(TODAY()>$C92,NETWORKDAYS($C92,TODAY()-1)*$I92,0),0) ) | ... U92: =IF($A92="","", IF($C92>U$3+6,0,IF($D92>=U$3,$I92*5,0) -IF($D92>=U$3,IF(V$3>$D92,NETWORKDAYS($D92,V$3)-2,0)*$I92,0) -IF(AND($C92>=U$3,$C92<V$3),($C92-U$3)*$I92,0)) -IF(AND(TODAY()>=U$3,TODAY()<V$3),IF(TODAY()>$C92,NETWORKDAYS($C92,TODAY()-1)*$I92,0),0) )
F93: =IF(E93="","",E93-IF(TODAY()<C93,0,(TODAY()-C93)*I93)) | G93: =IF(E93="","",NETWORKDAYS(TODAY(),D93)+1) | H93: =IF(E93="","",G93/5) | I93: =IF(E93="","",E93/((NETWORKDAYS(C93,D93)))) | J93: =IF($A93="","", IF($C93>J$3+6,0,IF($D93>=J$3,$I93*5,0) -IF($D93>=J$3,IF(K$3>$D93,NETWORKDAYS($D93,K$3)-2,0)*$I93,0) -IF(AND($C93>=J$3,$C93<K$3),($C93-J$3)*$I93,0)) -IF(AND(TODAY()>=J$3,TODAY()<K$3),IF(TODAY()>$C93,NETWORKDAYS($C93,TODAY()-1)*$I93,0),0) ) | K93: =IF($A93="","", IF($C93>K$3+6,0,IF($D93>=K$3,$I93*5,0) -IF($D93>=K$3,IF(L$3>$D93,NETWORKDAYS($D93,L$3)-2,0)*$I93,0) -IF(AND($C93>=K$3,$C93<L$3),($C93-K$3)*$I93,0)) -IF(AND(TODAY()>=K$3,TODAY()<L$3),IF(TODAY()>$C93,NETWORKDAYS($C93,TODAY()-1)*$I93,0),0) ) | L93: =IF($A93="","", IF($C93>L$3+6,0,IF($D93>=L$3,$I93*5,0) -IF($D93>=L$3,IF(M$3>$D93,NETWORKDAYS($D93,M$3)-2,0)*$I93,0) -IF(AND($C93>=L$3,$C93<M$3),($C93-L$3)*$I93,0)) -IF(AND(TODAY()>=L$3,TODAY()<M$3),IF(TODAY()>$C93,NETWORKDAYS($C93,TODAY()-1)*$I93,0),0) ) | M93: =IF($A93="","", IF($C93>M$3+6,0,IF($D93>=M$3,$I93*5,0) -IF($D93>=M$3,IF(N$3>$D93,NETWORKDAYS($D93,N$3)-2,0)*$I93,0) -IF(AND($C93>=M$3,$C93<N$3),($C93-M$3)*$I93,0)) -IF(AND(TODAY()>=M$3,TODAY()<N$3),IF(TODAY()>$C93,NETWORKDAYS($C93,TODAY()-1)*$I93,0),0) ) | N93: =IF($A93="","", IF($C93>N$3+6,0,IF($D93>=N$3,$I93*5,0) -IF($D93>=N$3,IF(O$3>$D93,NETWORKDAYS($D93,O$3)-2,0)*$I93,0) -IF(AND($C93>=N$3,$C93<O$3),($C93-N$3)*$I93,0)) -IF(AND(TODAY()>=N$3,TODAY()<O$3),IF(TODAY()>$C93,NETWORKDAYS($C93,TODAY()-1)*$I93,0),0) ) | O93: =IF($A93="","", IF($C93>O$3+6,0,IF($D93>=O$3,$I93*5,0) -IF($D93>=O$3,IF(P$3>$D93,NETWORKDAYS($D93,P$3)-2,0)*$I93,0) -IF(AND($C93>=O$3,$C93<P$3),($C93-O$3)*$I93,0)) -IF(AND(TODAY()>=O$3,TODAY()<P$3),IF(TODAY()>$C93,NETWORKDAYS($C93,TODAY()-1)*$I93,0),0) ) | P93: =IF($A93="","", IF($C93>P$3+6,0,IF($D93>=P$3,$I93*5,0) -IF($D93>=P$3,IF(Q$3>$D93,NETWORKDAYS($D93,Q$3)-2,0)*$I93,0) -IF(AND($C93>=P$3,$C93<Q$3),($C93-P$3)*$I93,0)) -IF(AND(TODAY()>=P$3,TODAY()<Q$3),IF(TODAY()>$C93,NETWORKDAYS($C93,TODAY()-1)*$I93,0),0) ) | Q93: =IF($A93="","", IF($C93>Q$3+6,0,IF($D93>=Q$3,$I93*5,0) -IF($D93>=Q$3,IF(R$3>$D93,NETWORKDAYS($D93,R$3)-2,0)*$I93,0) -IF(AND($C93>=Q$3,$C93<R$3),($C93-Q$3)*$I93,0)) -IF(AND(TODAY()>=Q$3,TODAY()<R$3),IF(TODAY()>$C93,NETWORKDAYS($C93,TODAY()-1)*$I93,0),0) ) | ... U93: =IF($A93="","", IF($C93>U$3+6,0,IF($D93>=U$3,$I93*5,0) -IF($D93>=U$3,IF(V$3>$D93,NETWORKDAYS($D93,V$3)-2,0)*$I93,0) -IF(AND($C93>=U$3,$C93<V$3),($C93-U$3)*$I93,0)) -IF(AND(TODAY()>=U$3,TODAY()<V$3),IF(TODAY()>$C93,NETWORKDAYS($C93,TODAY()-1)*$I93,0),0) )
F94: =IF(E94="","",E94-IF(TODAY()<C94,0,(TODAY()-C94)*I94)) | G94: =IF(E94="","",NETWORKDAYS(TODAY(),D94)+1) | H94: =IF(E94="","",G94/5) | I94: =IF(E94="","",E94/((NETWORKDAYS(C94,D94)))) | J94: =IF($A94="","", IF($C94>J$3+6,0,IF($D94>=J$3,$I94*5,0) -IF($D94>=J$3,IF(K$3>$D94,NETWORKDAYS($D94,K$3)-2,0)*$I94,0) -IF(AND($C94>=J$3,$C94<K$3),($C94-J$3)*$I94,0)) -IF(AND(TODAY()>=J$3,TODAY()<K$3),IF(TODAY()>$C94,NETWORKDAYS($C94,TODAY()-1)*$I94,0),0) ) | K94: =IF($A94="","", IF($C94>K$3+6,0,IF($D94>=K$3,$I94*5,0) -IF($D94>=K$3,IF(L$3>$D94,NETWORKDAYS($D94,L$3)-2,0)*$I94,0) -IF(AND($C94>=K$3,$C94<L$3),($C94-K$3)*$I94,0)) -IF(AND(TODAY()>=K$3,TODAY()<L$3),IF(TODAY()>$C94,NETWORKDAYS($C94,TODAY()-1)*$I94,0),0) ) | L94: =IF($A94="","", IF($C94>L$3+6,0,IF($D94>=L$3,$I94*5,0) -IF($D94>=L$3,IF(M$3>$D94,NETWORKDAYS($D94,M$3)-2,0)*$I94,0) -IF(AND($C94>=L$3,$C94<M$3),($C94-L$3)*$I94,0)) -IF(AND(TODAY()>=L$3,TODAY()<M$3),IF(TODAY()>$C94,NETWORKDAYS($C94,TODAY()-1)*$I94,0),0) ) | M94: =IF($A94="","", IF($C94>M$3+6,0,IF($D94>=M$3,$I94*5,0) -IF($D94>=M$3,IF(N$3>$D94,NETWORKDAYS($D94,N$3)-2,0)*$I94,0) -IF(AND($C94>=M$3,$C94<N$3),($C94-M$3)*$I94,0)) -IF(AND(TODAY()>=M$3,TODAY()<N$3),IF(TODAY()>$C94,NETWORKDAYS($C94,TODAY()-1)*$I94,0),0) ) | N94: =IF($A94="","", IF($C94>N$3+6,0,IF($D94>=N$3,$I94*5,0) -IF($D94>=N$3,IF(O$3>$D94,NETWORKDAYS($D94,O$3)-2,0)*$I94,0) -IF(AND($C94>=N$3,$C94<O$3),($C94-N$3)*$I94,0)) -IF(AND(TODAY()>=N$3,TODAY()<O$3),IF(TODAY()>$C94,NETWORKDAYS($C94,TODAY()-1)*$I94,0),0) ) | O94: =IF($A94="","", IF($C94>O$3+6,0,IF($D94>=O$3,$I94*5,0) -IF($D94>=O$3,IF(P$3>$D94,NETWORKDAYS($D94,P$3)-2,0)*$I94,0) -IF(AND($C94>=O$3,$C94<P$3),($C94-O$3)*$I94,0)) -IF(AND(TODAY()>=O$3,TODAY()<P$3),IF(TODAY()>$C94,NETWORKDAYS($C94,TODAY()-1)*$I94,0),0) ) | P94: =IF($A94="","", IF($C94>P$3+6,0,IF($D94>=P$3,$I94*5,0) -IF($D94>=P$3,IF(Q$3>$D94,NETWORKDAYS($D94,Q$3)-2,0)*$I94,0) -IF(AND($C94>=P$3,$C94<Q$3),($C94-P$3)*$I94,0)) -IF(AND(TODAY()>=P$3,TODAY()<Q$3),IF(TODAY()>$C94,NETWORKDAYS($C94,TODAY()-1)*$I94,0),0) ) | Q94: =IF($A94="","", IF($C94>Q$3+6,0,IF($D94>=Q$3,$I94*5,0) -IF($D94>=Q$3,IF(R$3>$D94,NETWORKDAYS($D94,R$3)-2,0)*$I94,0) -IF(AND($C94>=Q$3,$C94<R$3),($C94-Q$3)*$I94,0)) -IF(AND(TODAY()>=Q$3,TODAY()<R$3),IF(TODAY()>$C94,NETWORKDAYS($C94,TODAY()-1)*$I94,0),0) ) | ... U94: =IF($A94="","", IF($C94>U$3+6,0,IF($D94>=U$3,$I94*5,0) -IF($D94>=U$3,IF(V$3>$D94,NETWORKDAYS($D94,V$3)-2,0)*$I94,0) -IF(AND($C94>=U$3,$C94<V$3),($C94-U$3)*$I94,0)) -IF(AND(TODAY()>=U$3,TODAY()<V$3),IF(TODAY()>$C94,NETWORKDAYS($C94,TODAY()-1)*$I94,0),0) )
F95: =IF(E95="","",E95-IF(TODAY()<C95,0,(TODAY()-C95)*I95)) | G95: =IF(E95="","",NETWORKDAYS(TODAY(),D95)+1) | H95: =IF(E95="","",G95/5) | I95: =IF(E95="","",E95/((NETWORKDAYS(C95,D95)))) | J95: =IF($A95="","", IF($C95>J$3+6,0,IF($D95>=J$3,$I95*5,0) -IF($D95>=J$3,IF(K$3>$D95,NETWORKDAYS($D95,K$3)-2,0)*$I95,0) -IF(AND($C95>=J$3,$C95<K$3),($C95-J$3)*$I95,0)) -IF(AND(TODAY()>=J$3,TODAY()<K$3),IF(TODAY()>$C95,NETWORKDAYS($C95,TODAY()-1)*$I95,0),0) ) | K95: =IF($A95="","", IF($C95>K$3+6,0,IF($D95>=K$3,$I95*5,0) -IF($D95>=K$3,IF(L$3>$D95,NETWORKDAYS($D95,L$3)-2,0)*$I95,0) -IF(AND($C95>=K$3,$C95<L$3),($C95-K$3)*$I95,0)) -IF(AND(TODAY()>=K$3,TODAY()<L$3),IF(TODAY()>$C95,NETWORKDAYS($C95,TODAY()-1)*$I95,0),0) ) | L95: =IF($A95="","", IF($C95>L$3+6,0,IF($D95>=L$3,$I95*5,0) -IF($D95>=L$3,IF(M$3>$D95,NETWORKDAYS($D95,M$3)-2,0)*$I95,0) -IF(AND($C95>=L$3,$C95<M$3),($C95-L$3)*$I95,0)) -IF(AND(TODAY()>=L$3,TODAY()<M$3),IF(TODAY()>$C95,NETWORKDAYS($C95,TODAY()-1)*$I95,0),0) ) | M95: =IF($A95="","", IF($C95>M$3+6,0,IF($D95>=M$3,$I95*5,0) -IF($D95>=M$3,IF(N$3>$D95,NETWORKDAYS($D95,N$3)-2,0)*$I95,0) -IF(AND($C95>=M$3,$C95<N$3),($C95-M$3)*$I95,0)) -IF(AND(TODAY()>=M$3,TODAY()<N$3),IF(TODAY()>$C95,NETWORKDAYS($C95,TODAY()-1)*$I95,0),0) ) | N95: =IF($A95="","", IF($C95>N$3+6,0,IF($D95>=N$3,$I95*5,0) -IF($D95>=N$3,IF(O$3>$D95,NETWORKDAYS($D95,O$3)-2,0)*$I95,0) -IF(AND($C95>=N$3,$C95<O$3),($C95-N$3)*$I95,0)) -IF(AND(TODAY()>=N$3,TODAY()<O$3),IF(TODAY()>$C95,NETWORKDAYS($C95,TODAY()-1)*$I95,0),0) ) | O95: =IF($A95="","", IF($C95>O$3+6,0,IF($D95>=O$3,$I95*5,0) -IF($D95>=O$3,IF(P$3>$D95,NETWORKDAYS($D95,P$3)-2,0)*$I95,0) -IF(AND($C95>=O$3,$C95<P$3),($C95-O$3)*$I95,0)) -IF(AND(TODAY()>=O$3,TODAY()<P$3),IF(TODAY()>$C95,NETWORKDAYS($C95,TODAY()-1)*$I95,0),0) ) | P95: =IF($A95="","", IF($C95>P$3+6,0,IF($D95>=P$3,$I95*5,0) -IF($D95>=P$3,IF(Q$3>$D95,NETWORKDAYS($D95,Q$3)-2,0)*$I95,0) -IF(AND($C95>=P$3,$C95<Q$3),($C95-P$3)*$I95,0)) -IF(AND(TODAY()>=P$3,TODAY()<Q$3),IF(TODAY()>$C95,NETWORKDAYS($C95,TODAY()-1)*$I95,0),0) ) | Q95: =IF($A95="","", IF($C95>Q$3+6,0,IF($D95>=Q$3,$I95*5,0) -IF($D95>=Q$3,IF(R$3>$D95,NETWORKDAYS($D95,R$3)-2,0)*$I95,0) -IF(AND($C95>=Q$3,$C95<R$3),($C95-Q$3)*$I95,0)) -IF(AND(TODAY()>=Q$3,TODAY()<R$3),IF(TODAY()>$C95,NETWORKDAYS($C95,TODAY()-1)*$I95,0),0) ) | ... U95: =IF($A95="","", IF($C95>U$3+6,0,IF($D95>=U$3,$I95*5,0) -IF($D95>=U$3,IF(V$3>$D95,NETWORKDAYS($D95,V$3)-2,0)*$I95,0) -IF(AND($C95>=U$3,$C95<V$3),($C95-U$3)*$I95,0)) -IF(AND(TODAY()>=U$3,TODAY()<V$3),IF(TODAY()>$C95,NETWORKDAYS($C95,TODAY()-1)*$I95,0),0) )
F96: =IF(E96="","",E96-IF(TODAY()<C96,0,(TODAY()-C96)*I96)) | G96: =IF(E96="","",NETWORKDAYS(TODAY(),D96)+1) | H96: =IF(E96="","",G96/5) | I96: =IF(E96="","",E96/((NETWORKDAYS(C96,D96)))) | J96: =IF($A96="","", IF($C96>J$3+6,0,IF($D96>=J$3,$I96*5,0) -IF($D96>=J$3,IF(K$3>$D96,NETWORKDAYS($D96,K$3)-2,0)*$I96,0) -IF(AND($C96>=J$3,$C96<K$3),($C96-J$3)*$I96,0)) -IF(AND(TODAY()>=J$3,TODAY()<K$3),IF(TODAY()>$C96,NETWORKDAYS($C96,TODAY()-1)*$I96,0),0) ) | K96: =IF($A96="","", IF($C96>K$3+6,0,IF($D96>=K$3,$I96*5,0) -IF($D96>=K$3,IF(L$3>$D96,NETWORKDAYS($D96,L$3)-2,0)*$I96,0) -IF(AND($C96>=K$3,$C96<L$3),($C96-K$3)*$I96,0)) -IF(AND(TODAY()>=K$3,TODAY()<L$3),IF(TODAY()>$C96,NETWORKDAYS($C96,TODAY()-1)*$I96,0),0) ) | L96: =IF($A96="","", IF($C96>L$3+6,0,IF($D96>=L$3,$I96*5,0) -IF($D96>=L$3,IF(M$3>$D96,NETWORKDAYS($D96,M$3)-2,0)*$I96,0) -IF(AND($C96>=L$3,$C96<M$3),($C96-L$3)*$I96,0)) -IF(AND(TODAY()>=L$3,TODAY()<M$3),IF(TODAY()>$C96,NETWORKDAYS($C96,TODAY()-1)*$I96,0),0) ) | M96: =IF($A96="","", IF($C96>M$3+6,0,IF($D96>=M$3,$I96*5,0) -IF($D96>=M$3,IF(N$3>$D96,NETWORKDAYS($D96,N$3)-2,0)*$I96,0) -IF(AND($C96>=M$3,$C96<N$3),($C96-M$3)*$I96,0)) -IF(AND(TODAY()>=M$3,TODAY()<N$3),IF(TODAY()>$C96,NETWORKDAYS($C96,TODAY()-1)*$I96,0),0) ) | N96: =IF($A96="","", IF($C96>N$3+6,0,IF($D96>=N$3,$I96*5,0) -IF($D96>=N$3,IF(O$3>$D96,NETWORKDAYS($D96,O$3)-2,0)*$I96,0) -IF(AND($C96>=N$3,$C96<O$3),($C96-N$3)*$I96,0)) -IF(AND(TODAY()>=N$3,TODAY()<O$3),IF(TODAY()>$C96,NETWORKDAYS($C96,TODAY()-1)*$I96,0),0) ) | O96: =IF($A96="","", IF($C96>O$3+6,0,IF($D96>=O$3,$I96*5,0) -IF($D96>=O$3,IF(P$3>$D96,NETWORKDAYS($D96,P$3)-2,0)*$I96,0) -IF(AND($C96>=O$3,$C96<P$3),($C96-O$3)*$I96,0)) -IF(AND(TODAY()>=O$3,TODAY()<P$3),IF(TODAY()>$C96,NETWORKDAYS($C96,TODAY()-1)*$I96,0),0) ) | P96: =IF($A96="","", IF($C96>P$3+6,0,IF($D96>=P$3,$I96*5,0) -IF($D96>=P$3,IF(Q$3>$D96,NETWORKDAYS($D96,Q$3)-2,0)*$I96,0) -IF(AND($C96>=P$3,$C96<Q$3),($C96-P$3)*$I96,0)) -IF(AND(TODAY()>=P$3,TODAY()<Q$3),IF(TODAY()>$C96,NETWORKDAYS($C96,TODAY()-1)*$I96,0),0) ) | Q96: =IF($A96="","", IF($C96>Q$3+6,0,IF($D96>=Q$3,$I96*5,0) -IF($D96>=Q$3,IF(R$3>$D96,NETWORKDAYS($D96,R$3)-2,0)*$I96,0) -IF(AND($C96>=Q$3,$C96<R$3),($C96-Q$3)*$I96,0)) -IF(AND(TODAY()>=Q$3,TODAY()<R$3),IF(TODAY()>$C96,NETWORKDAYS($C96,TODAY()-1)*$I96,0),0) ) | ... U96: =IF($A96="","", IF($C96>U$3+6,0,IF($D96>=U$3,$I96*5,0) -IF($D96>=U$3,IF(V$3>$D96,NETWORKDAYS($D96,V$3)-2,0)*$I96,0) -IF(AND($C96>=U$3,$C96<V$3),($C96-U$3)*$I96,0)) -IF(AND(TODAY()>=U$3,TODAY()<V$3),IF(TODAY()>$C96,NETWORKDAYS($C96,TODAY()-1)*$I96,0),0) )
F97: =IF(E97="","",E97-IF(TODAY()<C97,0,(TODAY()-C97)*I97)) | G97: =IF(E97="","",NETWORKDAYS(TODAY(),D97)+1) | H97: =IF(E97="","",G97/5) | I97: =IF(E97="","",E97/((NETWORKDAYS(C97,D97)))) | J97: =IF($A97="","", IF($C97>J$3+6,0,IF($D97>=J$3,$I97*5,0) -IF($D97>=J$3,IF(K$3>$D97,NETWORKDAYS($D97,K$3)-2,0)*$I97,0) -IF(AND($C97>=J$3,$C97<K$3),($C97-J$3)*$I97,0)) -IF(AND(TODAY()>=J$3,TODAY()<K$3),IF(TODAY()>$C97,NETWORKDAYS($C97,TODAY()-1)*$I97,0),0) ) | K97: =IF($A97="","", IF($C97>K$3+6,0,IF($D97>=K$3,$I97*5,0) -IF($D97>=K$3,IF(L$3>$D97,NETWORKDAYS($D97,L$3)-2,0)*$I97,0) -IF(AND($C97>=K$3,$C97<L$3),($C97-K$3)*$I97,0)) -IF(AND(TODAY()>=K$3,TODAY()<L$3),IF(TODAY()>$C97,NETWORKDAYS($C97,TODAY()-1)*$I97,0),0) ) | L97: =IF($A97="","", IF($C97>L$3+6,0,IF($D97>=L$3,$I97*5,0) -IF($D97>=L$3,IF(M$3>$D97,NETWORKDAYS($D97,M$3)-2,0)*$I97,0) -IF(AND($C97>=L$3,$C97<M$3),($C97-L$3)*$I97,0)) -IF(AND(TODAY()>=L$3,TODAY()<M$3),IF(TODAY()>$C97,NETWORKDAYS($C97,TODAY()-1)*$I97,0),0) ) | M97: =IF($A97="","", IF($C97>M$3+6,0,IF($D97>=M$3,$I97*5,0) -IF($D97>=M$3,IF(N$3>$D97,NETWORKDAYS($D97,N$3)-2,0)*$I97,0) -IF(AND($C97>=M$3,$C97<N$3),($C97-M$3)*$I97,0)) -IF(AND(TODAY()>=M$3,TODAY()<N$3),IF(TODAY()>$C97,NETWORKDAYS($C97,TODAY()-1)*$I97,0),0) ) | N97: =IF($A97="","", IF($C97>N$3+6,0,IF($D97>=N$3,$I97*5,0) -IF($D97>=N$3,IF(O$3>$D97,NETWORKDAYS($D97,O$3)-2,0)*$I97,0) -IF(AND($C97>=N$3,$C97<O$3),($C97-N$3)*$I97,0)) -IF(AND(TODAY()>=N$3,TODAY()<O$3),IF(TODAY()>$C97,NETWORKDAYS($C97,TODAY()-1)*$I97,0),0) ) | O97: =IF($A97="","", IF($C97>O$3+6,0,IF($D97>=O$3,$I97*5,0) -IF($D97>=O$3,IF(P$3>$D97,NETWORKDAYS($D97,P$3)-2,0)*$I97,0) -IF(AND($C97>=O$3,$C97<P$3),($C97-O$3)*$I97,0)) -IF(AND(TODAY()>=O$3,TODAY()<P$3),IF(TODAY()>$C97,NETWORKDAYS($C97,TODAY()-1)*$I97,0),0) ) | P97: =IF($A97="","", IF($C97>P$3+6,0,IF($D97>=P$3,$I97*5,0) -IF($D97>=P$3,IF(Q$3>$D97,NETWORKDAYS($D97,Q$3)-2,0)*$I97,0) -IF(AND($C97>=P$3,$C97<Q$3),($C97-P$3)*$I97,0)) -IF(AND(TODAY()>=P$3,TODAY()<Q$3),IF(TODAY()>$C97,NETWORKDAYS($C97,TODAY()-1)*$I97,0),0) ) | Q97: =IF($A97="","", IF($C97>Q$3+6,0,IF($D97>=Q$3,$I97*5,0) -IF($D97>=Q$3,IF(R$3>$D97,NETWORKDAYS($D97,R$3)-2,0)*$I97,0) -IF(AND($C97>=Q$3,$C97<R$3),($C97-Q$3)*$I97,0)) -IF(AND(TODAY()>=Q$3,TODAY()<R$3),IF(TODAY()>$C97,NETWORKDAYS($C97,TODAY()-1)*$I97,0),0) ) | ... U97: =IF($A97="","", IF($C97>U$3+6,0,IF($D97>=U$3,$I97*5,0) -IF($D97>=U$3,IF(V$3>$D97,NETWORKDAYS($D97,V$3)-2,0)*$I97,0) -IF(AND($C97>=U$3,$C97<V$3),($C97-U$3)*$I97,0)) -IF(AND(TODAY()>=U$3,TODAY()<V$3),IF(TODAY()>$C97,NETWORKDAYS($C97,TODAY()-1)*$I97,0),0) )
F98: =IF(E98="","",E98-IF(TODAY()<C98,0,(TODAY()-C98)*I98)) | G98: =IF(E98="","",NETWORKDAYS(TODAY(),D98)+1) | H98: =IF(E98="","",G98/5) | I98: =IF(E98="","",E98/((NETWORKDAYS(C98,D98)))) | J98: =IF($A98="","", IF($C98>J$3+6,0,IF($D98>=J$3,$I98*5,0) -IF($D98>=J$3,IF(K$3>$D98,NETWORKDAYS($D98,K$3)-2,0)*$I98,0) -IF(AND($C98>=J$3,$C98<K$3),($C98-J$3)*$I98,0)) -IF(AND(TODAY()>=J$3,TODAY()<K$3),IF(TODAY()>$C98,NETWORKDAYS($C98,TODAY()-1)*$I98,0),0) ) | K98: =IF($A98="","", IF($C98>K$3+6,0,IF($D98>=K$3,$I98*5,0) -IF($D98>=K$3,IF(L$3>$D98,NETWORKDAYS($D98,L$3)-2,0)*$I98,0) -IF(AND($C98>=K$3,$C98<L$3),($C98-K$3)*$I98,0)) -IF(AND(TODAY()>=K$3,TODAY()<L$3),IF(TODAY()>$C98,NETWORKDAYS($C98,TODAY()-1)*$I98,0),0) ) | L98: =IF($A98="","", IF($C98>L$3+6,0,IF($D98>=L$3,$I98*5,0) -IF($D98>=L$3,IF(M$3>$D98,NETWORKDAYS($D98,M$3)-2,0)*$I98,0) -IF(AND($C98>=L$3,$C98<M$3),($C98-L$3)*$I98,0)) -IF(AND(TODAY()>=L$3,TODAY()<M$3),IF(TODAY()>$C98,NETWORKDAYS($C98,TODAY()-1)*$I98,0),0) ) | M98: =IF($A98="","", IF($C98>M$3+6,0,IF($D98>=M$3,$I98*5,0) -IF($D98>=M$3,IF(N$3>$D98,NETWORKDAYS($D98,N$3)-2,0)*$I98,0) -IF(AND($C98>=M$3,$C98<N$3),($C98-M$3)*$I98,0)) -IF(AND(TODAY()>=M$3,TODAY()<N$3),IF(TODAY()>$C98,NETWORKDAYS($C98,TODAY()-1)*$I98,0),0) ) | N98: =IF($A98="","", IF($C98>N$3+6,0,IF($D98>=N$3,$I98*5,0) -IF($D98>=N$3,IF(O$3>$D98,NETWORKDAYS($D98,O$3)-2,0)*$I98,0) -IF(AND($C98>=N$3,$C98<O$3),($C98-N$3)*$I98,0)) -IF(AND(TODAY()>=N$3,TODAY()<O$3),IF(TODAY()>$C98,NETWORKDAYS($C98,TODAY()-1)*$I98,0),0) ) | O98: =IF($A98="","", IF($C98>O$3+6,0,IF($D98>=O$3,$I98*5,0) -IF($D98>=O$3,IF(P$3>$D98,NETWORKDAYS($D98,P$3)-2,0)*$I98,0) -IF(AND($C98>=O$3,$C98<P$3),($C98-O$3)*$I98,0)) -IF(AND(TODAY()>=O$3,TODAY()<P$3),IF(TODAY()>$C98,NETWORKDAYS($C98,TODAY()-1)*$I98,0),0) ) | P98: =IF($A98="","", IF($C98>P$3+6,0,IF($D98>=P$3,$I98*5,0) -IF($D98>=P$3,IF(Q$3>$D98,NETWORKDAYS($D98,Q$3)-2,0)*$I98,0) -IF(AND($C98>=P$3,$C98<Q$3),($C98-P$3)*$I98,0)) -IF(AND(TODAY()>=P$3,TODAY()<Q$3),IF(TODAY()>$C98,NETWORKDAYS($C98,TODAY()-1)*$I98,0),0) ) | Q98: =IF($A98="","", IF($C98>Q$3+6,0,IF($D98>=Q$3,$I98*5,0) -IF($D98>=Q$3,IF(R$3>$D98,NETWORKDAYS($D98,R$3)-2,0)*$I98,0) -IF(AND($C98>=Q$3,$C98<R$3),($C98-Q$3)*$I98,0)) -IF(AND(TODAY()>=Q$3,TODAY()<R$3),IF(TODAY()>$C98,NETWORKDAYS($C98,TODAY()-1)*$I98,0),0) ) | ... U98: =IF($A98="","", IF($C98>U$3+6,0,IF($D98>=U$3,$I98*5,0) -IF($D98>=U$3,IF(V$3>$D98,NETWORKDAYS($D98,V$3)-2,0)*$I98,0) -IF(AND($C98>=U$3,$C98<V$3),($C98-U$3)*$I98,0)) -IF(AND(TODAY()>=U$3,TODAY()<V$3),IF(TODAY()>$C98,NETWORKDAYS($C98,TODAY()-1)*$I98,0),0) )
F99: =IF(E99="","",E99-IF(TODAY()<C99,0,(TODAY()-C99)*I99)) | G99: =IF(E99="","",NETWORKDAYS(TODAY(),D99)+1) | H99: =IF(E99="","",G99/5) | I99: =IF(E99="","",E99/((NETWORKDAYS(C99,D99)))) | J99: =IF($A99="","", IF($C99>J$3+6,0,IF($D99>=J$3,$I99*5,0) -IF($D99>=J$3,IF(K$3>$D99,NETWORKDAYS($D99,K$3)-2,0)*$I99,0) -IF(AND($C99>=J$3,$C99<K$3),($C99-J$3)*$I99,0)) -IF(AND(TODAY()>=J$3,TODAY()<K$3),IF(TODAY()>$C99,NETWORKDAYS($C99,TODAY()-1)*$I99,0),0) ) | K99: =IF($A99="","", IF($C99>K$3+6,0,IF($D99>=K$3,$I99*5,0) -IF($D99>=K$3,IF(L$3>$D99,NETWORKDAYS($D99,L$3)-2,0)*$I99,0) -IF(AND($C99>=K$3,$C99<L$3),($C99-K$3)*$I99,0)) -IF(AND(TODAY()>=K$3,TODAY()<L$3),IF(TODAY()>$C99,NETWORKDAYS($C99,TODAY()-1)*$I99,0),0) ) | L99: =IF($A99="","", IF($C99>L$3+6,0,IF($D99>=L$3,$I99*5,0) -IF($D99>=L$3,IF(M$3>$D99,NETWORKDAYS($D99,M$3)-2,0)*$I99,0) -IF(AND($C99>=L$3,$C99<M$3),($C99-L$3)*$I99,0)) -IF(AND(TODAY()>=L$3,TODAY()<M$3),IF(TODAY()>$C99,NETWORKDAYS($C99,TODAY()-1)*$I99,0),0) ) | M99: =IF($A99="","", IF($C99>M$3+6,0,IF($D99>=M$3,$I99*5,0) -IF($D99>=M$3,IF(N$3>$D99,NETWORKDAYS($D99,N$3)-2,0)*$I99,0) -IF(AND($C99>=M$3,$C99<N$3),($C99-M$3)*$I99,0)) -IF(AND(TODAY()>=M$3,TODAY()<N$3),IF(TODAY()>$C99,NETWORKDAYS($C99,TODAY()-1)*$I99,0),0) ) | N99: =IF($A99="","", IF($C99>N$3+6,0,IF($D99>=N$3,$I99*5,0) -IF($D99>=N$3,IF(O$3>$D99,NETWORKDAYS($D99,O$3)-2,0)*$I99,0) -IF(AND($C99>=N$3,$C99<O$3),($C99-N$3)*$I99,0)) -IF(AND(TODAY()>=N$3,TODAY()<O$3),IF(TODAY()>$C99,NETWORKDAYS($C99,TODAY()-1)*$I99,0),0) ) | O99: =IF($A99="","", IF($C99>O$3+6,0,IF($D99>=O$3,$I99*5,0) -IF($D99>=O$3,IF(P$3>$D99,NETWORKDAYS($D99,P$3)-2,0)*$I99,0) -IF(AND($C99>=O$3,$C99<P$3),($C99-O$3)*$I99,0)) -IF(AND(TODAY()>=O$3,TODAY()<P$3),IF(TODAY()>$C99,NETWORKDAYS($C99,TODAY()-1)*$I99,0),0) ) | P99: =IF($A99="","", IF($C99>P$3+6,0,IF($D99>=P$3,$I99*5,0) -IF($D99>=P$3,IF(Q$3>$D99,NETWORKDAYS($D99,Q$3)-2,0)*$I99,0) -IF(AND($C99>=P$3,$C99<Q$3),($C99-P$3)*$I99,0)) -IF(AND(TODAY()>=P$3,TODAY()<Q$3),IF(TODAY()>$C99,NETWORKDAYS($C99,TODAY()-1)*$I99,0),0) ) | Q99: =IF($A99="","", IF($C99>Q$3+6,0,IF($D99>=Q$3,$I99*5,0) -IF($D99>=Q$3,IF(R$3>$D99,NETWORKDAYS($D99,R$3)-2,0)*$I99,0) -IF(AND($C99>=Q$3,$C99<R$3),($C99-Q$3)*$I99,0)) -IF(AND(TODAY()>=Q$3,TODAY()<R$3),IF(TODAY()>$C99,NETWORKDAYS($C99,TODAY()-1)*$I99,0),0) ) | ... U99: =IF($A99="","", IF($C99>U$3+6,0,IF($D99>=U$3,$I99*5,0) -IF($D99>=U$3,IF(V$3>$D99,NETWORKDAYS($D99,V$3)-2,0)*$I99,0) -IF(AND($C99>=U$3,$C99<V$3),($C99-U$3)*$I99,0)) -IF(AND(TODAY()>=U$3,TODAY()<V$3),IF(TODAY()>$C99,NETWORKDAYS($C99,TODAY()-1)*$I99,0),0) )
... F300: =IF(E300="","",E300-IF(TODAY()<C300,0,(TODAY()-C300)*I300)) | G300: =IF(E300="","",NETWORKDAYS(TODAY(),D300)+1) | H300: =IF(E300="","",G300/5) | I300: =IF(E300="","",E300/((NETWORKDAYS(C300,D300)))) | J300: =IF($A300="","", IF($C300>J$3+6,0,IF($D300>=J$3,$I300*5,0) -IF($D300>=J$3,IF(K$3>$D300,NETWORKDAYS($D300,K$3)-2,0)*$I300,0) -IF(AND($C300>=J$3,$C300<K$3),($C300-J$3)*$I300,0)) -IF(AND(TODAY()>=J$3,TODAY()<K$3),IF(TODAY()>$C300,NETWORKDAYS($C300,TODAY()-1)*$I300,0),0) ) | K300: =IF($A300="","", IF($C300>K$3+6,0,IF($D300>=K$3,$I300*5,0) -IF($D300>=K$3,IF(L$3>$D300,NETWORKDAYS($D300,L$3)-2,0)*$I300,0) -IF(AND($C300>=K$3,$C300<L$3),($C300-K$3)*$I300,0)) -IF(AND(TODAY()>=K$3,TODAY()<L$3),IF(TODAY()>$C300,NETWORKDAYS($C300,TODAY()-1)*$I300,0),0) ) | L300: =IF($A300="","", IF($C300>L$3+6,0,IF($D300>=L$3,$I300*5,0) -IF($D300>=L$3,IF(M$3>$D300,NETWORKDAYS($D300,M$3)-2,0)*$I300,0) -IF(AND($C300>=L$3,$C300<M$3),($C300-L$3)*$I300,0)) -IF(AND(TODAY()>=L$3,TODAY()<M$3),IF(TODAY()>$C300,NETWORKDAYS($C300,TODAY()-1)*$I300,0),0) ) | M300: =IF($A300="","", IF($C300>M$3+6,0,IF($D300>=M$3,$I300*5,0) -IF($D300>=M$3,IF(N$3>$D300,NETWORKDAYS($D300,N$3)-2,0)*$I300,0) -IF(AND($C300>=M$3,$C300<N$3),($C300-M$3)*$I300,0)) -IF(AND(TODAY()>=M$3,TODAY()<N$3),IF(TODAY()>$C300,NETWORKDAYS($C300,TODAY()-1)*$I300,0),0) ) | N300: =IF($A300="","", IF($C300>N$3+6,0,IF($D300>=N$3,$I300*5,0) -IF($D300>=N$3,IF(O$3>$D300,NETWORKDAYS($D300,O$3)-2,0)*$I300,0) -IF(AND($C300>=N$3,$C300<O$3),($C300-N$3)*$I300,0)) -IF(AND(TODAY()>=N$3,TODAY()<O$3),IF(TODAY()>$C300,NETWORKDAYS($C300,TODAY()-1)*$I300,0),0) ) | O300: =IF($A300="","", IF($C300>O$3+6,0,IF($D300>=O$3,$I300*5,0) -IF($D300>=O$3,IF(P$3>$D300,NETWORKDAYS($D300,P$3)-2,0)*$I300,0) -IF(AND($C300>=O$3,$C300<P$3),($C300-O$3)*$I300,0)) -IF(AND(TODAY()>=O$3,TODAY()<P$3),IF(TODAY()>$C300,NETWORKDAYS($C300,TODAY()-1)*$I300,0),0) ) | P300: =IF($A300="","", IF($C300>P$3+6,0,IF($D300>=P$3,$I300*5,0) -IF($D300>=P$3,IF(Q$3>$D300,NETWORKDAYS($D300,Q$3)-2,0)*$I300,0) -IF(AND($C300>=P$3,$C300<Q$3),($C300-P$3)*$I300,0)) -IF(AND(TODAY()>=P$3,TODAY()<Q$3),IF(TODAY()>$C300,NETWORKDAYS($C300,TODAY()-1)*$I300,0),0) ) | Q300: =IF($A300="","", IF($C300>Q$3+6,0,IF($D300>=Q$3,$I300*5,0) -IF($D300>=Q$3,IF(R$3>$D300,NETWORKDAYS($D300,R$3)-2,0)*$I300,0) -IF(AND($C300>=Q$3,$C300<R$3),($C300-Q$3)*$I300,0)) -IF(AND(TODAY()>=Q$3,TODAY()<R$3),IF(TODAY()>$C300,NETWORKDAYS($C300,TODAY()-1)*$I300,0),0) ) | ... U300: =IF($A300="","", IF($C300>U$3+6,0,IF($D300>=U$3,$I300*5,0) -IF($D300>=U$3,IF(V$3>$D300,NETWORKDAYS($D300,V$3)-2,0)*$I300,0) -IF(AND($C300>=U$3,$C300<V$3),($C300-U$3)*$I300,0)) -IF(AND(TODAY()>=U$3,TODAY()<V$3),IF(TODAY()>$C300,NETWORKDAYS($C300,TODAY()-1)*$I300,0),0) )

Sheet Gráficos HH (2)
M3: Dashboard Carga laboral CIMENTA
J10: Etiquetas de fila | K10: Suma de HH | AM10: Etiquetas de fila | AN10: Suma de HH
J11: Camila González | K11: 45.5 | AM11: Camila González | AN11: 45.5
J12: Daniela Rojas | K12: 81.028571 | AM12: Daniela Rojas | AN12: 81.028571
J13: Felipe Ramírez | K13: 60.309524 | AM13: Felipe Ramírez | AN13: 60.309524
J14: Fernanda Morales | K14: 59.3 | AM14: Fernanda Morales | AN14: 59.3
J15: Javiera Soto | K15: 45.642857 | AM15: Javiera Soto | AN15: 45.642857
J16: Matías Herrera | K16: 34.5 | AM16: Matías Herrera | AN16: 34.5
J17: Vicente Castro | K17: 47.684524 | AM17: Vicente Castro | AN17: 47.684524
J18: Total general | K18: 373.96548 | AM18: Total general | AN18: 373.96548
B42: CARGA POR EMPLEADO DE LA SEMANA 1 A LA 4
B44: Suma de HH | C44: Etiquetas de columna
C45: S-1 | D45: Total S-1 | E45: S-2 | F45: Total S-2 | G45: S-3 | H45: Total S-3 | I45: S-4 | J45: Total S-4 | K45: Total general
B46: Etiquetas de fila | C46: 30/06/2025 a 06/07/2025 | E46: 07/07/2025 a 13/07/2025 | G46: 14/07/2025 a 20/07/2025 | I46: 21/07/2025 a 27/07/2025
B47: Camila González | C47: 0 | D47: 0 | E47: 9.8333333 | F47: 9.8333333 | G47: 14.166667 | H47: 14.166667 | I47: 10.25 | J47: 10.25 | K47: 34.25
B48: Daniela Rojas | C48: 0 | D48: 0 | E48: 21.361905 | F48: 21.361905 | G48: 24.138095 | H48: 24.138095 | I48: 18.361905 | J48: 18.361905 | K48: 63.861905
B49: Felipe Ramírez | C49: 5.5511151e-16 | D49: 5.5511151e-16 | E49: 16.809524 | F49: 16.809524 | G49: 19.690476 | H49: 19.690476 | I49: 13.809524 | J49: 13.809524 | K49: 50.309524
B50: Fernanda Morales | C50: 2.220446e-16 | D50: 2.220446e-16 | E50: 18.55 | F50: 18.55 | G50: 22.95 | H50: 22.95 | I50: 12.216667 | J50: 12.216667 | K50: 53.716667
B51: Javiera Soto | C51: 1.110223e-16 | D51: 1.110223e-16 | E51: 10.97619 | F51: 10.97619 | G51: 14.52381 | H51: 14.52381 | I51: 9.8095238 | J51: 9.8095238 | K51: 35.309524
B52: Matías Herrera | C52: 0 | D52: 0 | E52: 6.75 | F52: 6.75 | G52: 11.25 | H52: 11.25 | I52: 6.75 | J52: 6.75 | K52: 24.75
B53: Vicente Castro | C53: 2.220446e-16 | D53: 2.220446e-16 | E53: 15.372024 | F53: 15.372024 | G53: 21.770833 | H53: 21.770833 | I53: 5.5625 | J53: 5.5625 | K53: 42.705357
B54: Mateo Parra | C54: -3.5 | D54: -3.5 | E54: 17.5 | F54: 17.5 | G54: 17.5 | H54: 17.5 | I54: 17.5 | J54: 17.5 | K54: 49
A70: CARGA POR EMPLEADO DE LA SEMANA 5 A LA 8
A72: Suma de HH | B72: Etiquetas de columna
B73: S-5 | C73: Total S-5 | D73: S-6 | E73: Total S-6 | F73: S-7 | G73: Total S-7 | H73: S-8 | I73: Total S-8 | J73: Total general
A74: Etiquetas de fila | B74: 28/07/2025 a 03/08/2025 | D74: 04/08/2025 a 10/08/2025 | F74: 11/08/2025 a 17/08/2025 | H74: 18/08/2025 a 24/08/2025
A75: Camila González | B75: 11.25 | C75: 11.25 | D75: 0 | E75: 0 | F75: 0 | G75: 0 | H75: 0 | I75: 0 | J75: 11.25
A76: Daniela Rojas | B76: 17.166667 | C76: 17.166667 | D76: 0 | E76: 0 | F76: 0 | G76: 0 | H76: 0 | I76: 0 | J76: 17.166667
A77: Felipe Ramírez | B77: 10 | C77: 10 | D77: 0 | E77: 0 | F77: 0 | G77: 0 | H77: 0 | I77: 0 | J77: 10
A78: Fernanda Morales | B78: 5.5833333 | C78: 5.5833333 | D78: 0 | E78: 0 | F78: 0 | G78: 0 | H78: 0 | I78: 0 | J78: 5.5833333
A79: Javiera Soto | B79: 10.333333 | C79: 10.333333 | D79: 0 | E79: 0 | F79: 0 | G79: 0 | H79: 0 | I79: 0 | J79: 10.333333
A80: Matías Herrera | B80: 9.75 | C80: 9.75 | D80: 0 | E80: 0 | F80: 0 | G80: 0 | H80: 0 | I80: 0 | J80: 9.75
A81: Vicente Castro | B81: 4.9791667 | C81: 4.9791667 | D81: 0 | E81: 0 | F81: 0 | G81: 0 | H81: 0 | I81: 0 | J81: 4.9791667
A82: Mateo Parra | B82: 21 | C82: 21 | D82: 0 | E82: 0 | F82: 0 | G82: 0 | H82: 0 | I82: 0 | J82: 21
A91: CARGA POR EMPLEADO DE LA SEMANA 9 A LA 12
A93: Suma de HH | B93: Etiquetas de columna
B94: S-9 | C94: Total S-9 | D94: S-10 | E94: Total S-10 | F94: S-11 | G94: Total S-11 | H94: S-12 | I94: Total S-12 | J94: Total general
A95: Etiquetas de fila | B95: 25/08/2025 a 31/08/2025 | D95: 30/06/2025 a 06/07/2025 | F95: 30/06/2025 a 06/07/2025 | H95: 30/06/2025 a 06/07/2025
A96: Camila González | B96: 0 | C96: 0 | D96: 0 | E96: 0 | F96: 0 | G96: 0 | H96: 0 | I96: 0 | J96: 0
A97: Daniela Rojas | B97: 0 | C97: 0 | D97: 0 | E97: 0 | F97: 0 | G97: 0 | H97: 0 | I97: 0 | J97: 0
A98: Felipe Ramírez | B98: 0 | C98: 0 | D98: 0 | E98: 0 | F98: 0 | G98: 0 | H98: 0 | I98: 0 | J98: 0
A99: Fernanda Morales | B99: 0 | C99: 0 | D99: 0 | E99: 0 | F99: 0 | G99: 0 | H99: 0 | I99: 0 | J99: 0
A100: Javiera Soto | B100: 0 | C100: 0 | D100: 0 | E100: 0 | F100: 0 | G100: 0 | H100: 0 | I100: 0 | J100: 0
A101: Matías Herrera | B101: 0 | C101: 0 | D101: 0 | E101: 0 | F101: 0 | G101: 0 | H101: 0 | I101: 0 | J101: 0
A102: Vicente Castro | B102: 0 | C102: 0 | D102: 0 | E102: 0 | F102: 0 | G102: 0 | H102: 0 | I102: 0 | J102: 0
A103: Mateo Parra | B103: 0 | C103: 0 | D103: 0 | E103: 0 | F103: 0 | G103: 0 | H103: 0 | I103: 0 | J103: 0
A114: CARGA DE LA SEMANA 1 A LA 5 POR EMPLEADO
A116: Suma de HH | B116: Etiquetas de columna
A117: Etiquetas de fila | B117: Camila González | C117: Daniela Rojas | D117: Felipe Ramírez | E117: Fernanda Morales | F117: Javiera Soto | G117: Matías Herrera | H117: Vicente Castro | I117: Mateo Parra
A118: S-1 | B118: 0 | C118: 0 | D118: 5.5511151e-16 | E118: 2.220446e-16 | F118: 1.110223e-16 | G118: 0 | H118: 2.220446e-16 | I118: -3.5
A119: 30/06/2025 a 06/07/2025 | B119: 0 | C119: 0 | D119: 5.5511151e-16 | E119: 2.220446e-16 | F119: 1.110223e-16 | G119: 0 | H119: 2.220446e-16 | I119: -3.5
A120: S-2 | B120: 9.8333333 | C120: 21.361905 | D120: 16.809524 | E120: 18.55 | F120: 10.97619 | G120: 6.75 | H120: 15.372024 | I120: 17.5
A121: 07/07/2025 a 13/07/2025 | B121: 9.8333333 | C121: 21.361905 | D121: 16.809524 | E121: 18.55 | F121: 10.97619 | G121: 6.75 | H121: 15.372024 | I121: 17.5
A122: S-3 | B122: 14.166667 | C122: 24.138095 | D122: 19.690476 | E122: 22.95 | F122: 14.52381 | G122: 11.25 | H122: 21.770833 | I122: 17.5
A123: 14/07/2025 a 20/07/2025 | B123: 14.166667 | C123: 24.138095 | D123: 19.690476 | E123: 22.95 | F123: 14.52381 | G123: 11.25 | H123: 21.770833 | I123: 17.5
A124: S-4 | B124: 10.25 | C124: 18.361905 | D124: 13.809524 | E124: 12.216667 | F124: 9.8095238 | G124: 6.75 | H124: 5.5625 | I124: 17.5
A125: 21/07/2025 a 27/07/2025 | B125: 10.25 | C125: 18.361905 | D125: 13.809524 | E125: 12.216667 | F125: 9.8095238 | G125: 6.75 | H125: 5.5625 | I125: 17.5
A126: S-5 | B126: 11.25 | C126: 17.166667 | D126: 10 | E126: 5.5833333 | F126: 10.333333 | G126: 9.75 | H126: 4.9791667 | I126: 21
A127: 28/07/2025 a 03/08/2025 | B127: 11.25 | C127: 17.166667 | D127: 10 | E127: 5.5833333 | F127: 10.333333 | G127: 9.75 | H127: 4.9791667 | I127: 21
A128: Total general | B128: 45.5 | C128: 81.028571 | D128: 60.309524 | E128: 59.3 | F128: 45.642857 | G128: 34.5 | H128: 47.684524 | I128: 70
B140: CARGA DE LA SEMANA 6 A LA 10 POR EMPLEADO
B142: Suma de HH | C142: Etiquetas de columna
B143: Etiquetas de fila | C143: Camila González | D143: Daniela Rojas | E143: Felipe Ramírez | F143: Fernanda Morales | G143: Javiera Soto | H143: Matías Herrera | I143: Vicente Castro | J143: Mateo Parra
B144: S-6 | C144: 0 | D144: 0 | E144: 0 | F144: 0 | G144: 0 | H144: 0 | I144: 0 | J144: 0
B145: 04/08/2025 a 10/08/2025 | C145: 0 | D145: 0 | E145: 0 | F145: 0 | G145: 0 | H145: 0 | I145: 0 | J145: 0
B146: S-7 | C146: 0 | D146: 0 | E146: 0 | F146: 0 | G146: 0 | H146: 0 | I146: 0 | J146: 0
B147: 11/08/2025 a 17/08/2025 | C147: 0 | D147: 0 | E147: 0 | F147: 0 | G147: 0 | H147: 0 | I147: 0 | J147: 0
B148: S-8 | C148: 0 | D148: 0 | E148: 0 | F148: 0 | G148: 0 | H148: 0 | I148: 0 | J148: 0
B149: 18/08/2025 a 24/08/2025 | C149: 0 | D149: 0 | E149: 0 | F149: 0 | G149: 0 | H149: 0 | I149: 0 | J149: 0
B150: S-9 | C150: 0 | D150: 0 | E150: 0 | F150: 0 | G150: 0 | H150: 0 | I150: 0 | J150: 0
B151: 25/08/2025 a 31/08/2025 | C151: 0 | D151: 0 | E151: 0 | F151: 0 | G151: 0 | H151: 0 | I151: 0 | J151: 0
B152: S-10 | C152: 0 | D152: 0 | E152: 0 | F152: 0 | G152: 0 | H152: 0 | I152: 0 | J152: 0
B153: 30/06/2025 a 06/07/2025 | C153: 0 | D153: 0 | E153: 0 | F153: 0 | G153: 0 | H153: 0 | I153: 0 | J153: 0
B154: Total general | C154: 0 | D154: 0 | E154: 0 | F154: 0 | G154: 0 | H154: 0 | I154: 0 | J154: 0
B168: Suma de HH | C168: Etiquetas de columna
B169: Etiquetas de fila | C169: Camila González | D169: Daniela Rojas | E169: Felipe Ramírez | F169: Fernanda Morales | G169: Javiera Soto | H169: Matías Herrera | I169: Vicente Castro | J169: Mateo Parra
B170: S-1 | C170: 0 | D170: 0 | E170: 5.5511151e-16 | F170: 2.220446e-16 | G170: 1.110223e-16 | H170: 0 | I170: 2.220446e-16 | J170: -3.5
B171: 30/06/2025 a 06/07/2025 | C171: 0 | D171: 0 | E171: 5.5511151e-16 | F171: 2.220446e-16 | G171: 1.110223e-16 | H171: 0 | I171: 2.220446e-16 | J171: -3.5
B172: S-2 | C172: 9.8333333 | D172: 21.361905 | E172: 16.809524 | F172: 18.55 | G172: 10.97619 | H172: 6.75 | I172: 15.372024 | J172: 17.5
B173: 07/07/2025 a 13/07/2025 | C173: 9.8333333 | D173: 21.361905 | E173: 16.809524 | F173: 18.55 | G173: 10.97619 | H173: 6.75 | I173: 15.372024 | J173: 17.5
B174: S-3 | C174: 14.166667 | D174: 24.138095 | E174: 19.690476 | F174: 22.95 | G174: 14.52381 | H174: 11.25 | I174: 21.770833 | J174: 17.5
B175: 14/07/2025 a 20/07/2025 | C175: 14.166667 | D175: 24.138095 | E175: 19.690476 | F175: 22.95 | G175: 14.52381 | H175: 11.25 | I175: 21.770833 | J175: 17.5
B176: S-4 | C176: 10.25 | D176: 18.361905 | E176: 13.809524 | F176: 12.216667 | G176: 9.8095238 | H176: 6.75 | I176: 5.5625 | J176: 17.5
B177: 21/07/2025 a 27/07/2025 | C177: 10.25 | D177: 18.361905 | E177: 13.809524 | F177: 12.216667 | G177: 9.8095238 | H177: 6.75 | I177: 5.5625 | J177: 17.5
B178: S-5 | C178: 11.25 | D178: 17.166667 | E178: 10 | F178: 5.5833333 | G178: 10.333333 | H178: 9.75 | I178: 4.9791667 | J178: 21
B179: 28/07/2025 a 03/08/2025 | C179: 11.25 | D179: 17.166667 | E179: 10 | F179: 5.5833333 | G179: 10.333333 | H179: 9.75 | I179: 4.9791667 | J179: 21
B180: Total general | C180: 45.5 | D180: 81.028571 | E180: 60.309524 | F180: 59.3 | G180: 45.642857 | H180: 34.5 | I180: 47.684524 | J180: 70

Sheet Gráficos HH
A1: Etiquetas de fila | B1: Suma de HH
A2: Camila González | B2: 45.5
A3: Daniela Rojas | B3: 81.028571
A4: Felipe Ramírez | B4: 60.309524
A5: Fernanda Morales | B5: 59.3
A6: Javiera Soto | B6: 45.642857
A7: Matías Herrera | B7: 34.5
A8: Vicente Castro | B8: 47.684524
A9: Total general | B9: 373.96548
A29: Etiquetas de fila | B29: Suma de HH
A30: Camila González | B30: 45.5
A31: Daniela Rojas | B31: 81.028571
A32: Felipe Ramírez | B32: 60.309524
A33: Fernanda Morales | B33: 59.3
A34: Javiera Soto | B34: 45.642857
A35: Matías Herrera | B35: 34.5
A36: Vicente Castro | B36: 47.684524
A37: Total general | B37: 373.96548
A60: CARGA POR EMPLEADO DE LA SEMANA 1 A LA 4
A62: Suma de HH | B62: Etiquetas de columna
B63: S-1 | C63: Total S-1 | D63: S-2 | E63: Total S-2 | F63: S-3 | G63: Total S-3 | H63: S-4 | I63: Total S-4 | J63: Total general
A64: Etiquetas de fila | B64: 30/06/2025 a 06/07/2025 | D64: 07/07/2025 a 13/07/2025 | F64: 14/07/2025 a 20/07/2025 | H64: 21/07/2025 a 27/07/2025
A65: Camila González | B65: 0 | C65: 0 | D65: 9.8333333 | E65: 9.8333333 | F65: 14.166667 | G65: 14.166667 | H65: 10.25 | I65: 10.25 | J65: 34.25
A66: Daniela Rojas | B66: 0 | C66: 0 | D66: 21.361905 | E66: 21.361905 | F66: 24.138095 | G66: 24.138095 | H66: 18.361905 | I66: 18.361905 | J66: 63.861905
A67: Felipe Ramírez | B67: 5.5511151e-16 | C67: 5.5511151e-16 | D67: 16.809524 | E67: 16.809524 | F67: 19.690476 | G67: 19.690476 | H67: 13.809524 | I67: 13.809524 | J67: 50.309524
A68: Fernanda Morales | B68: 2.220446e-16 | C68: 2.220446e-16 | D68: 18.55 | E68: 18.55 | F68: 22.95 | G68: 22.95 | H68: 12.216667 | I68: 12.216667 | J68: 53.716667
A69: Javiera Soto | B69: 1.110223e-16 | C69: 1.110223e-16 | D69: 10.97619 | E69: 10.97619 | F69: 14.52381 | G69: 14.52381 | H69: 9.8095238 | I69: 9.8095238 | J69: 35.309524
A70: Matías Herrera | B70: 0 | C70: 0 | D70: 6.75 | E70: 6.75 | F70: 11.25 | G70: 11.25 | H70: 6.75 | I70: 6.75 | J70: 24.75
A71: Vicente Castro | B71: 2.220446e-16 | C71: 2.220446e-16 | D71: 15.372024 | E71: 15.372024 | F71: 21.770833 | G71: 21.770833 | H71: 5.5625 | I71: 5.5625 | J71: 42.705357
A72: Mateo Parra | B72: -3.5 | C72: -3.5 | D72: 17.5 | E72: 17.5 | F72: 17.5 | G72: 17.5 | H72: 17.5 | I72: 17.5 | J72: 49
A87: CARGA POR EMPLEADO DE LA SEMANA 5 A LA 8
A89: Suma de HH | B89: Etiquetas de columna
B90: S-5 | C90: Total S-5 | D90: S-6 | E90: Total S-6 | F90: S-7 | G90: Total S-7 | H90: S-8 | I90: Total S-8 | J90: Total general
A91: Etiquetas de fila | B91: 28/07/2025 a 03/08/2025 | D91: 04/08/2025 a 10/08/2025 | F91: 11/08/2025 a 17/08/2025 | H91: 18/08/2025 a 24/08/2025
A92: Camila González | B92: 11.25 | C92: 11.25 | D92: 0 | E92: 0 | F92: 0 | G92: 0 | H92: 0 | I92: 0 | J92: 11.25
A93: Daniela Rojas | B93: 17.166667 | C93: 17.166667 | D93: 0 | E93: 0 | F93: 0 | G93: 0 | H93: 0 | I93: 0 | J93: 17.166667
A94: Felipe Ramírez | B94: 10 | C94: 10 | D94: 0 | E94: 0 | F94: 0 | G94: 0 | H94: 0 | I94: 0 | J94: 10
A95: Fernanda Morales | B95: 5.5833333 | C95: 5.5833333 | D95: 0 | E95: 0 | F95: 0 | G95: 0 | H95: 0 | I95: 0 | J95: 5.5833333
A96: Javiera Soto | B96: 10.333333 | C96: 10.333333 | D96: 0 | E96: 0 | F96: 0 | G96: 0 | H96: 0 | I96: 0 | J96: 10.333333
A97: Matías Herrera | B97: 9.75 | C97: 9.75 | D97: 0 | E97: 0 | F97: 0 | G97: 0 | H97: 0 | I97: 0 | J97: 9.75
A98: Vicente Castro | B98: 4.9791667 | C98: 4.9791667 | D98: 0 | E98: 0 | F98: 0 | G98: 0 | H98: 0 | I98: 0 | J98: 4.9791667
A99: Mateo Parra | B99: 21 | C99: 21 | D99: 0 | E99: 0 | F99: 0 | G99: 0 | H99: 0 | I99: 0 | J99: 21
A116: CARGA POR EMPLEADO DE LA SEMANA 9 A LA 12
A118: Suma de HH | B118: Etiquetas de columna
B119: S-9 | C119: Total S-9 | D119: S-10 | E119: Total S-10 | F119: S-11 | G119: Total S-11 | H119: S-12 | I119: Total S-12 | J119: Total general
A120: Etiquetas de fila | B120: 25/08/2025 a 31/08/2025 | D120: 30/06/2025 a 06/07/2025 | F120: 30/06/2025 a 06/07/2025 | H120: 30/06/2025 a 06/07/2025
A121: Camila González | B121: 0 | C121: 0 | D121: 0 | E121: 0 | F121: 0 | G121: 0 | H121: 0 | I121: 0 | J121: 0
A122: Daniela Rojas | B122: 0 | C122: 0 | D122: 0 | E122: 0 | F122: 0 | G122: 0 | H122: 0 | I122: 0 | J122: 0
A123: Felipe Ramírez | B123: 0 | C123: 0 | D123: 0 | E123: 0 | F123: 0 | G123: 0 | H123: 0 | I123: 0 | J123: 0
A124: Fernanda Morales | B124: 0 | C124: 0 | D124: 0 | E124: 0 | F124: 0 | G124: 0 | H124: 0 | I124: 0 | J124: 0
A125: Javiera Soto | B125: 0 | C125: 0 | D125: 0 | E125: 0 | F125: 0 | G125: 0 | H125: 0 | I125: 0 | J125: 0
A126: Matías Herrera | B126: 0 | C126: 0 | D126: 0 | E126: 0 | F126: 0 | G126: 0 | H126: 0 | I126: 0 | J126: 0
A127: Vicente Castro | B127: 0 | C127: 0 | D127: 0 | E127: 0 | F127: 0 | G127: 0 | H127: 0 | I127: 0 | J127: 0
A128: Mateo Parra | B128: 0 | C128: 0 | D128: 0 | E128: 0 | F128: 0 | G128: 0 | H128: 0 | I128: 0 | J128: 0
A142: CARGA DE LA SEMANA 1 A LA 5 POR EMPLEADO
A144: Suma de HH | B144: Etiquetas de columna
A145: Etiquetas de fila | B145: Camila González | C145: Daniela Rojas | D145: Felipe Ramírez | E145: Fernanda Morales | F145: Javiera Soto | G145: Matías Herrera | H145: Vicente Castro | I145: Mateo Parra
A146: S-1 | B146: 0 | C146: 0 | D146: 5.5511151e-16 | E146: 2.220446e-16 | F146: 1.110223e-16 | G146: 0 | H146: 2.220446e-16 | I146: -3.5
A147: 30/06/2025 a 06/07/2025 | B147: 0 | C147: 0 | D147: 5.5511151e-16 | E147: 2.220446e-16 | F147: 1.110223e-16 | G147: 0 | H147: 2.220446e-16 | I147: -3.5
A148: S-2 | B148: 9.8333333 | C148: 21.361905 | D148: 16.809524 | E148: 18.55 | F148: 10.97619 | G148: 6.75 | H148: 15.372024 | I148: 17.5
A149: 07/07/2025 a 13/07/2025 | B149: 9.8333333 | C149: 21.361905 | D149: 16.809524 | E149: 18.55 | F149: 10.97619 | G149: 6.75 | H149: 15.372024 | I149: 17.5
A150: S-3 | B150: 14.166667 | C150: 24.138095 | D150: 19.690476 | E150: 22.95 | F150: 14.52381 | G150: 11.25 | H150: 21.770833 | I150: 17.5
A151: 14/07/2025 a 20/07/2025 | B151: 14.166667 | C151: 24.138095 | D151: 19.690476 | E151: 22.95 | F151: 14.52381 | G151: 11.25 | H151: 21.770833 | I151: 17.5
A152: S-4 | B152: 10.25 | C152: 18.361905 | D152: 13.809524 | E152: 12.216667 | F152: 9.8095238 | G152: 6.75 | H152: 5.5625 | I152: 17.5
A153: 21/07/2025 a 27/07/2025 | B153: 10.25 | C153: 18.361905 | D153: 13.809524 | E153: 12.216667 | F153: 9.8095238 | G153: 6.75 | H153: 5.5625 | I153: 17.5
A154: S-5 | B154: 11.25 | C154: 17.166667 | D154: 10 | E154: 5.5833333 | F154: 10.333333 | G154: 9.75 | H154: 4.9791667 | I154: 21
A155: 28/07/2025 a 03/08/2025 | B155: 11.25 | C155: 17.166667 | D155: 10 | E155: 5.5833333 | F155: 10.333333 | G155: 9.75 | H155: 4.9791667 | I155: 21
A156: Total general | B156: 45.5 | C156: 81.028571 | D156: 60.309524 | E156: 59.3 | F156: 45.642857 | G156: 34.5 | H156: 47.684524 | I156: 70
A169: CARGA DE LA SEMANA 6 A LA 10 POR EMPLEADO
A171: Suma de HH | B171: Etiquetas de columna
A172: Etiquetas de fila | B172: Camila González | C172: Daniela Rojas | D172: Felipe Ramírez | E172: Fernanda Morales | F172: Javiera Soto | G172: Matías Herrera | H172: Vicente Castro | I172: Mateo Parra
A173: S-6 | B173: 0 | C173: 0 | D173: 0 | E173: 0 | F173: 0 | G173: 0 | H173: 0 | I173: 0
A174: 04/08/2025 a 10/08/2025 | B174: 0 | C174: 0 | D174: 0 | E174: 0 | F174: 0 | G174: 0 | H174: 0 | I174: 0
A175: S-7 | B175: 0 | C175: 0 | D175: 0 | E175: 0 | F175: 0 | G175: 0 | H175: 0 | I175: 0
A176: 11/08/2025 a 17/08/2025 | B176: 0 | C176: 0 | D176: 0 | E176: 0 | F176: 0 | G176: 0 | H176: 0 | I176: 0
A177: S-8 | B177: 0 | C177: 0 | D177: 0 | E177: 0 | F177: 0 | G177: 0 | H177: 0 | I177: 0
A178: 18/08/2025 a 24/08/2025 | B178: 0 | C178: 0 | D178: 0 | E178: 0 | F178: 0 | G178: 0 | H178: 0 | I178: 0
A179: S-9 | B179: 0 | C179: 0 | D179: 0 | E179: 0 | F179: 0 | G179: 0 | H179: 0 | I179: 0
A180: 25/08/2025 a 31/08/2025 | B180: 0 | C180: 0 | D180: 0 | E180: 0 | F180: 0 | G180: 0 | H180: 0 | I180: 0
A181: S-10 | B181: 0 | C181: 0 | D181: 0 | E181: 0 | F181: 0 | G181: 0 | H181: 0 | I181: 0
A182: 30/06/2025 a 06/07/2025 | B182: 0 | C182: 0 | D182: 0 | E182: 0 | F182: 0 | G182: 0 | H182: 0 | I182: 0
A183: Total general | B183: 0 | C183: 0 | D183: 0 | E183: 0 | F183: 0 | G183: 0 | H183: 0 | I183: 0
A198: Suma de HH | B198: Etiquetas de columna
A199: Etiquetas de fila | B199: Camila González | C199: Daniela Rojas | D199: Felipe Ramírez | E199: Fernanda Morales | F199: Javiera Soto | G199: Matías Herrera | H199: Vicente Castro | I199: Mateo Parra
A200: S-1 | B200: 0 | C200: 0 | D200: 5.5511151e-16 | E200: 2.220446e-16 | F200: 1.110223e-16 | G200: 0 | H200: 2.220446e-16 | I200: -3.5
A201: 30/06/2025 a 06/07/2025 | B201: 0 | C201: 0 | D201: 5.5511151e-16 | E201: 2.220446e-16 | F201: 1.110223e-16 | G201: 0 | H201: 2.220446e-16 | I201: -3.5
A202: S-2 | B202: 9.8333333 | C202: 21.361905 | D202: 16.809524 | E202: 18.55 | F202: 10.97619 | G202: 6.75 | H202: 15.372024 | I202: 17.5
A203: 07/07/2025 a 13/07/2025 | B203: 9.8333333 | C203: 21.361905 | D203: 16.809524 | E203: 18.55 | F203: 10.97619 | G203: 6.75 | H203: 15.372024 | I203: 17.5
A204: S-3 | B204: 14.166667 | C204: 24.138095 | D204: 19.690476 | E204: 22.95 | F204: 14.52381 | G204: 11.25 | H204: 21.770833 | I204: 17.5
A205: 14/07/2025 a 20/07/2025 | B205: 14.166667 | C205: 24.138095 | D205: 19.690476 | E205: 22.95 | F205: 14.52381 | G205: 11.25 | H205: 21.770833 | I205: 17.5
A206: S-4 | B206: 10.25 | C206: 18.361905 | D206: 13.809524 | E206: 12.216667 | F206: 9.8095238 | G206: 6.75 | H206: 5.5625 | I206: 17.5
A207: 21/07/2025 a 27/07/2025 | B207: 10.25 | C207: 18.361905 | D207: 13.809524 | E207: 12.216667 | F207: 9.8095238 | G207: 6.75 | H207: 5.5625 | I207: 17.5
A208: S-5 | B208: 11.25 | C208: 17.166667 | D208: 10 | E208: 5.5833333 | F208: 10.333333 | G208: 9.75 | H208: 4.9791667 | I208: 21
A209: 28/07/2025 a 03/08/2025 | B209: 11.25 | C209: 17.166667 | D209: 10 | E209: 5.5833333 | F209: 10.333333 | G209: 9.75 | H209: 4.9791667 | I209: 21
A210: Total general | B210: 45.5 | C210: 81.028571 | D210: 60.309524 | E210: 59.3 | F210: 45.642857 | G210: 34.5 | H210: 47.684524 | I210: 70
